window_id,t_start_s,t_end_s,n_samples,rms_x,rms_y,rms_z,std_x,std_y,std_z,ptp_x,ptp_y,ptp_z,norm_rms,norm_mean_abs,jerk_rms,motion_threshold,is_motion
1,0,0.989237,100,4.59771413569255,4.89343546601503,5.57136429442674,4.3587135531466,4.8242233896381,5.22483386232413,42,31,38,8.72495192163338,7.40940406453926,1217.08144654097,10.5746734583437,0
2,0.249237,1.239237,100,4.51061830920778,4.34912556451328,6.57978294054269,4.38965726556082,4.15463718042985,6.08611600947666,42,19,46,9.08592946549333,7.60187013824144,1234.72412301555,10.5746734583437,0
3,0.499237,1.489237,100,4.37451297553886,3.83377657045711,6.42844446446245,4.3010921798299,3.68145777011381,5.89828771592214,42,19,40,8.66943509105533,7.02967030355978,1154.52307829162,10.5746734583437,0
4,0.749237,1.739237,100,4.40488811862585,3.72040943926734,6.58325699081027,4.35221991422977,3.69159569669794,6.09416843292741,37,18,40,8.75121467800059,7.00445536789894,1190.06113375337,10.5746734583437,0
5,0.999237,1.989237,100,3.96614856132014,4.40746079506713,6.5386431203245,3.78741936607837,4.32521383835236,6.12722851646071,26,28,40,8.8266584235192,7.33261838378123,1194.72028184474,10.5746734583437,0
6,1.249237,2.239237,100,3.95537667438174,4.16343998578608,6.00073735885532,3.78901922226144,4.15973969659573,5.7261671211195,19,30,39,8.30590669351922,7.00744601073227,1159.6242018119,10.5746734583437,0
7,1.499237,2.489237,100,5.15729673020591,4.39897176265421,5.95818736399277,5.12569285782198,4.41552586753477,5.61387170814898,40,30,39,9.02489106839881,7.69018029825461,1257.41675492068,10.5746734583437,0
8,1.749237,2.739237,100,5.06856861423241,4.71027546728477,5.15283045158433,5.0537614754265,4.60753664547488,4.80845215440605,40,30,31,8.62720953945488,7.51445965581854,1179.06783146986,10.5746734583437,0
9,1.999237,2.989237,100,5.33114441113156,4.32133183847896,5.60023237051068,5.35671955999606,4.16598782348851,5.15703892801388,40,28,31,8.85763016807017,7.66553701009906,1158.23748968861,10.5746734583437,0
10,2.249237,3.239237,100,5.19555376895751,5.52349441990005,5.2730644356947,5.22171069921176,5.42283797629725,4.71190197287892,40,39,27,9.23623181366642,7.92381790479303,1259.5898726249,10.5746734583437,0
11,2.499237,3.489237,100,4.37520206800256,5.92998592036631,5.61882055941673,4.35888735687205,5.59555198530065,5.16862133113333,31,42,44,9.26705296361905,7.92657737222103,1246.57105450888,10.5746734583437,0
12,2.749237,3.739237,100,5.1243616233622,5.69306267123759,5.80541208505097,5.13970482192953,5.33734697460009,5.43816479739593,32,42,44,9.61107975738844,8.24320945974561,1292.79224135514,10.5746734583437,0
13,2.999237,3.989237,100,6.01950151379048,5.57160339403665,5.37692768711505,6.02750429952631,5.30571447220882,4.96471387276083,48,42,36,9.80757432841735,8.32564267681545,1363.92887711281,10.5746734583437,0
14,3.249237,4.239238,100,6.27723550134679,4.95244400786567,5.63642285470513,6.22223935784077,4.40728276993222,5.43072999538996,48,37,37,9.78261978140086,8.26282210631579,1307.20633739717,10.5746734583437,0
15,3.499237,4.489237,100,6.4604728591174,4.42272187136818,6.19546127485168,6.44714328719756,4.11121894480472,6.04798989898146,46,33,48,9.98408326903666,8.28007389900146,1344.91218844701,10.5746734583437,0
16,3.749237,4.739237,100,5.90590621740174,4.31822015511426,5.82097418034016,5.909237760413,4.05786429372184,5.65974621981651,46,33,48,9.34935794399628,7.6966117343311,1242.83859936751,10.5746734583437,0
17,3.999237,4.989237,100,4.53053318253829,5.9272760087253,5.90915516656664,4.52249149174758,5.65573812489349,5.76650026034208,33,43,50,9.51716589034006,7.58418795954216,1206.43017484608,10.5746734583437,0
18,4.249237,5.239237,100,5.58018002862541,5.5723683988318,6.50630248090919,5.59410765038003,5.26793233737024,6.31095728223396,45,43,62,10.2235840436343,8.03218741118412,1322.69837121768,10.5746734583437,0
19,4.499236,5.489237,100,5.57462260246179,5.70876328647352,5.33586495230478,5.59422501651065,5.40275836770422,4.94968624656088,49,40,41,9.59884629578473,7.62292192116136,1218.64147341537,10.5746734583437,0
20,4.749237,5.739237,100,5.73658398397425,5.92763543170503,5.66064598027698,5.7392499421954,5.73312191294471,5.30937801908048,49,47,43,10.0044075551939,8.04044674591415,1306.40916319643,10.5746734583437,0
21,4.999237,5.989237,100,6.16282412079575,4.53237620350633,6.31892782439885,6.17453224826371,4.35421541947478,6.06206118895099,49,32,43,9.92228219936997,8.25455314489761,1376.90415919489,10.5746734583437,0
22,5.249237,6.239237,100,4.83898449657783,5.02875066817559,6.13564499249421,4.86275268097851,4.97403358462829,5.90027391933903,33,35,43,9.29248318345081,7.80575615098668,1292.55278396711,10.5746734583437,0
23,5.499237,6.489236,100,4.98180781964438,5.33246848744212,6.6667937926652,4.9910121238284,5.22383813383272,6.45615359110355,35,34,43,9.88431933900116,8.42325329430405,1332.45852822791,10.5746734583437,0
24,5.749237,6.739237,100,5.06804281976417,5.7830850205649,7.42408785069655,5.05815672898236,5.69787307473215,7.15273487287318,37,38,46,10.6886019101146,8.85065429230571,1453.31116066379,10.5746734583437,1
25,5.999237,6.989237,100,4.50611044356474,5.72931555011008,7.11012333612905,4.43825199916373,5.61459137993464,6.73956357427669,37,38,44,10.1825312107208,8.31803070847286,1360.96322616064,10.5746734583437,0
26,6.249237,7.239237,100,5.65429341288009,5.24762001277966,7.97937468862902,5.6156347402011,5.11184008855022,7.52694821922866,45,38,60,11.0986021741027,8.92641283400014,1538.64911947722,10.5746734583437,1
27,6.499237,7.489237,100,5.06093397351627,5.24052364152965,8.27696974921023,5.04343758028813,5.16788841859717,7.99001270526543,36,36,62,11.0265302317213,8.66058577366206,1541.49945596605,10.5746734583437,1
28,6.749237,7.739237,100,4.67436786122621,4.66393294905494,7.4133112609434,4.64392728259827,4.46761636217748,7.16198578636124,35,31,62,9.92769707973481,7.87962858097464,1370.37837497317,10.5746734583437,0
29,6.999237,7.989237,100,5.35652684014314,5.05362781608393,6.95565485550529,5.33374998372523,4.95697651412796,6.86683583198509,40,37,62,10.1297911311925,8.16404888585578,1403.30138252956,10.5746734583437,0
30,7.249237,8.239237,100,5.15386648538103,4.92535827158768,5.17838929753537,5.04303700385217,4.82479915319662,5.08492523509094,40,37,47,8.81119796449155,7.34626454962989,1131.59196450542,10.5746734583437,0
31,7.499237,8.489237,100,5.99808163345208,4.79765732399945,4.84448714762483,5.85283320842621,4.64384027774993,4.54262639289812,44,28,31,9.08094459864076,7.33841340594561,1166.79720628825,10.5746734583437,0
32,7.749237,8.739237,100,6.3132899096519,4.98079678559026,5.54550201457954,6.12001188352976,4.7730197120604,5.42209285323397,44,28,55,9.76824235450598,7.77129816014647,1291.14979003522,10.5746734583437,0
33,7.999237,8.989237,100,5.88021966269587,4.80697673262884,5.59291701367308,5.73075170911419,4.57944463131864,5.39107942565655,44,36,55,9.43211160405897,7.45343164160422,1270.09114509967,10.5746734583437,0
34,8.249237,9.239237,100,5.03888490678462,4.98612572369164,5.69742198586902,4.97601317027066,4.86358349824946,5.47965935680921,37,36,55,9.09463732764232,7.33926867182916,1233.5803283827,10.5746734583437,0
35,8.499237,9.489237,100,4.03877872474051,4.97509931853523,5.66902147396276,4.02832145407659,4.87146919534673,5.45892837376522,26,30,42,8.55576713620451,7.34554378876235,1158.71891219651,10.5746734583437,0
36,8.749237,9.739237,100,3.83254778163951,5.08918540542766,5.10907062034923,3.8438722059082,5.05416120187568,4.61323305198417,22,38,28,8.16644556665159,7.15523143684292,1115.27656666207,10.5746734583437,0
37,8.999237,9.989236,100,3.83471746325113,5.38283319227922,6.22494202685317,3.8071039392221,5.23666174796752,5.42328500099527,22,38,39,9.07908885497597,7.81354380089925,1186.92481075676,10.5746734583437,0
38,9.249237,10.239237,100,4.08391100194285,5.60782334172767,6.00231742598313,3.89211842812958,5.3304821924513,5.44514425516863,22,38,39,9.17353945792332,7.89408003770334,1215.8045268268,10.5746734583437,0
39,9.499237,10.489237,100,4.29786305202672,5.96114308190158,5.44788761636953,3.96870332232155,5.47906944838282,4.90370917126655,27,37,37,9.14802345523184,7.76799934294387,1184.70793659121,10.5746734583437,0
40,9.749237,10.739236,100,4.57882344545413,5.58573827601584,5.58918261436696,4.26216618705332,5.1197379983469,4.87690910559572,26,35,37,9.13263699757801,7.84088873839826,1174.17513122614,10.5746734583437,0
41,9.999237,10.989237,100,4.92059952740454,5.39333010538814,4.40259122304761,4.66735925596503,5.15688223090603,3.88702841499646,27,38,30,8.525439508438,7.40601237555614,1141.80920945878,10.5746734583437,0
42,10.249238,11.239237,100,4.97155009895684,6.18876366854793,4.71895523814875,4.76163116097114,6.029045856468,4.25044263886276,27,43,32,9.23502272174942,7.8131880087197,1214.01475519085,10.5746734583437,0
43,10.499237,11.489237,100,5.14817302927636,5.82418401169891,5.0841763197161,5.06813176584425,5.8045958802774,4.74619464796416,37,43,32,9.28836120052723,7.94174699022864,1229.51613327467,10.5746734583437,0
44,10.749237,11.739237,100,4.71384921804907,6.05327214981948,5.99388493864954,4.67116666153093,6.01891798726098,5.84925100963682,37,43,46,9.73597118052697,8.10961161971318,1321.61560171442,10.5746734583437,0
45,10.999237,11.989237,100,4.63433814638026,6.48163635917811,6.15499368657085,4.65160990921151,6.49397545204147,6.03906474798069,37,45,46,10.0683984441093,8.4509392688369,1352.81225973931,10.5746734583437,0
46,11.249237,12.239237,100,4.8717299055642,6.01897025680856,5.94551588680682,4.88779142870326,6.03299848392743,5.73386185019937,34,44,46,9.76273088768644,8.28427004681813,1345.54948440207,10.5746734583437,0
47,11.499237,12.489237,100,4.68547744483404,5.93139469763391,6.06865211885239,4.62400412428602,5.96124690366576,5.72479985094093,31,44,53,9.69348649789226,8.09986037702977,1315.52439166885,10.5746734583437,0
48,11.749237,12.739237,100,4.69592165614978,5.78724982554499,6.43387789640881,4.58908454593037,5.80117542948292,6.22714812232484,31,44,53,9.84574657046711,8.26328712644188,1365.22497607499,10.5746734583437,0
49,11.999237,12.989237,100,4.22401622342692,4.99509251485487,6.29810602275948,3.97744905814028,5.00504795686366,6.070719591913,28,40,53,9.08071592781385,7.56746006125955,1275.09193330512,10.5746734583437,0
50,12.249237,13.239237,100,4.36084662440163,4.70309941352375,6.84614317292027,4.13815700938757,4.66973924823053,6.7508248654247,35,26,53,9.38114085381759,7.71196909115809,1310.94605643739,10.5746734583437,0
51,12.499237,13.489237,100,4.35855288846598,4.52575158142497,6.48523875089433,4.1357153449121,4.54717139293954,6.39099745617603,34,26,49,9.02982460042426,7.56375879546044,1185.34586334939,10.5746734583437,0
52,12.749237,13.739237,100,4.29646926774351,4.38456337758648,4.85158818419505,4.06237975735028,4.39080766137529,4.61928325368534,34,26,38,7.82444580080647,6.73458954286021,1042.57449678153,10.5746734583437,0
53,12.999237,13.989237,100,4.47172342463594,4.62060294633158,5.3141609850242,4.23148372860567,4.59005292546675,5.00176736440998,34,37,45,8.34185764376492,7.1360812996761,1135.0218282642,10.5746734583437,0
54,13.249237,14.239237,100,3.83280068668093,5.33213027122272,4.86853187354418,3.73532144033499,5.23912052146005,4.34254266158397,26,39,29,8.17463007950984,7.0438562917567,1088.69326780068,10.5746734583437,0
55,13.499237,14.489237,100,3.46982730915884,5.41898332989902,5.25877184798197,3.37936399491103,5.42291248297258,4.96471387276083,22,39,36,8.31022040828254,7.07942437048391,1139.29447566644,10.5746734583437,0
56,13.749237,14.739237,100,3.60671167572761,5.76886540758388,5.48428579900523,3.5236000873762,5.74448351978582,5.16924666765972,22,39,36,8.7387394930744,7.51317504294667,1210.14730016523,10.5746734583437,0
57,13.999237,14.989237,100,3.6950947997864,5.82722302166346,5.23268870009904,3.66661156983398,5.83029358028592,5.07463488262153,19,39,33,8.65975084836494,7.50156984534816,1216.72356967897,10.5746734583437,0
58,14.249237,15.239237,100,3.50785280899914,5.05593025203478,4.96200007851921,3.40841205362156,5.02939842176462,4.86438302585459,19,32,31,7.90499252512413,6.97973263714394,1123.35754974134,10.5746734583437,0
59,14.499237,15.489237,100,4.0790173398148,5.32320687939841,6.16990202721817,4.03933937993115,5.22112066611192,6.15700307525397,22,33,60,9.11277153037732,7.56133579185553,1235.71671619728,10.5746734583437,0
60,14.749237,15.739238,100,4.9707486778623,5.59602958920194,6.16577246454409,4.86105945138495,5.52785416931124,6.18354773784942,36,37,60,9.69745531911457,7.79800654650013,1303.11435251431,10.5746734583437,0
61,14.999237,15.989237,100,5.04331418641781,5.26807341890189,6.15763264365614,4.95837216689657,5.1430447296236,6.15785611387534,36,31,60,9.54484443582416,7.59816582473685,1248.20137511659,10.5746734583437,0
62,15.249237,16.239238,100,5.90426747789274,4.89879268655515,6.15017652910206,5.88111169316438,4.82568883448495,6.12274283291237,49,31,60,9.83276235731679,7.80250708998307,1318.83191589846,10.5746734583437,0
63,15.499237,16.489237,100,5.64284445535906,4.76446622625748,4.79980361916623,5.59090169992121,4.6257513722179,4.61004612260282,49,31,30,8.80794793076605,7.34693514201034,1177.77759567571,10.5746734583437,0
64,15.749237,16.739237,100,5.38922185781292,4.45109767959323,5.88611470729712,5.36553724234488,4.24264068711928,5.68047337620535,46,26,37,9.13796088487296,7.71229895457463,1278.80469103022,10.5746734583437,0
65,15.999237,16.989237,100,5.09676727625219,4.98582993253646,5.73140957561943,5.05296192766424,4.80297677056488,5.48727637541632,46,26,37,9.14792831781895,7.74579154140286,1304.02938203981,10.5746734583437,0
66,16.249236,17.239237,100,4.49440186995605,5.16480624091874,6.10232100565854,4.27323121893785,4.86482945811728,5.99801313904543,28,26,41,9.17132451344947,7.72521035848169,1303.49273803044,10.5746734583437,0
67,16.499237,17.489237,100,4.33555186509344,5.30265717565412,5.67413598300208,4.20498741875873,5.08683188102954,5.60731845020596,30,30,41,8.89443658985943,7.29656768222406,1280.27588731522,10.5746734583437,0
68,16.749237,17.739237,100,6.19137136486346,4.97453927418249,4.48952326573758,6.21223133679181,4.79708455231093,4.39094568861926,47,30,36,9.12331844898743,7.37507293116757,1290.03953175484,10.5746734583437,0
69,16.999237,17.989237,100,6.4468881208296,4.67937297945724,4.75927628025774,6.41918683292203,4.55577112079289,4.74202147578094,47,33,37,9.27952631523789,7.51559663779354,1296.3672687227,10.5746734583437,0
70,17.249237,18.239237,100,6.33185647993808,4.83963880054908,4.99617404516045,6.34929408308793,4.78266017858664,4.94220128438265,47,33,38,9.40618229101738,7.77390157600743,1325.33506794751,10.5746734583437,0
71,17.499237,18.489237,100,6.42150430751241,4.40708868908268,5.04878139039248,6.41792785716683,4.36953410363488,4.97898614481935,47,23,38,9.28161310402531,7.84818455563215,1310.42715314129,10.5746734583437,0
72,17.749237,18.739237,100,5.14765018026961,4.31886492151245,4.74421622491016,4.91843573720448,4.29247638727967,4.69922624191763,33,23,38,8.2254777476692,7.16923276412095,1189.09228657363,10.5746734583437,0
73,17.999237,18.989237,100,5.46330451436789,4.1751575087594,4.41474649945307,5.41299409296787,4.08341063625034,4.29352342888023,36,19,38,8.17126814479219,7.09661556961833,1194.64241752902,10.5746734583437,0
74,18.249237,19.239237,100,6.0601736134141,4.55676116941431,3.70961425294927,6.03377698017292,4.43369786607937,3.51613883730895,46,29,21,8.44103160078713,7.27842664752068,1197.81440090499,10.5746734583437,0
75,18.499237,19.489237,100,6.28901477928431,4.66407352692811,4.02046690761997,6.26978484640439,4.47722632391479,3.85855994491272,46,29,23,8.80167273385664,7.51142272609999,1252.27540199818,10.5746734583437,0
76,18.749237,19.739236,100,5.35204993573172,6.07333409282441,5.4014166632235,5.3785958138991,5.85359252549624,5.24751985670037,41,42,41,9.73165594785274,8.02477474021855,1332.70549982526,10.5746734583437,0
77,18.999237,19.989237,100,5.05493618052433,5.97803160005071,5.62507286879242,5.0276407704978,5.78573655421222,5.545550587014,39,42,41,9.64005634732512,7.97747930927428,1315.57958559726,10.5746734583437,0
78,19.249237,20.239237,100,5.39780607158481,5.67156900493195,5.98388364954651,5.20939322548968,5.59555198530065,5.8718296840409,34,47,46,9.8544339713376,8.04506258454168,1375.51537706853,10.5746734583437,0
79,19.499238,20.489237,100,4.9096820612829,5.60030490518967,5.83058450902042,4.69957015012646,5.56308177073452,5.75404117981354,34,47,46,9.458546859365,7.59799587663618,1321.96764388935,10.5746734583437,0
80,19.749237,20.739237,100,5.16413229288229,4.58645184100779,5.43073686565793,4.76515127426892,4.60566186471838,5.35038939392888,34,32,40,8.78616558757514,7.3162470835439,1262.03105615229,10.5746734583437,0
81,19.999237,20.989237,100,5.33275748355668,4.63576263894502,5.82123355437144,5.11376632831479,4.65860776011742,5.68779483640278,41,32,39,9.15507278603552,7.51366025630876,1272.86964539486,10.5746734583437,0
82,20.249237,21.239237,100,4.03646206360609,4.24145826939016,5.22454009015138,3.94122218648382,4.26183438477287,5.1470890076358,34,32,36,7.84721692038064,6.50097894227812,1106.77526880731,10.5746734583437,0
83,20.499237,21.489237,100,4.80621766556037,4.42564812323625,5.1108839224653,4.7979267408018,4.44789134014506,4.96674801641737,40,28,36,8.29501199687881,6.69860826587091,1178.29810545604,10.5746734583437,0
84,20.749237,21.739237,100,4.85891641215479,4.30422598276445,4.73235655175921,4.85984370202178,4.32585601968331,4.52628685870358,37,26,36,8.03309582564469,6.55018105368167,1133.55627068091,10.5746734583437,0
85,20.999237,21.989237,100,4.73015275522956,4.50462057846716,3.98544105566584,4.61962218053696,4.52623106754038,3.72168094963944,40,26,21,7.65177705189732,6.43521710143229,1078.67087229154,10.5746734583437,0
86,21.249237,22.239237,100,5.08038985746388,5.78209254597941,5.00610971403088,5.01846086912606,5.77534816826193,4.85776479338788,40,48,31,9.18172586080671,7.48029534921301,1285.81845255118,10.5746734583437,0
87,21.499237,22.489236,100,4.6973373247919,6.10456473960705,4.99841516435633,4.47496966865179,6.06033635763534,4.87827590010813,31,47,31,9.18231140607877,7.54905641881722,1290.52265736389,10.5746734583437,0
88,21.749237,22.739237,100,4.66394179807315,6.31670766658856,5.7551592963449,4.57246921777225,6.16161955621698,5.72607009980482,31,40,49,9.73524562439272,7.81246191210962,1373.40964234479,10.5746734583437,0
89,21.999237,22.989237,100,5.05962003930182,6.12980963670508,6.37280911611793,5.07856457887641,5.97046603260287,6.28771449219456,39,40,54,10.1875913323426,7.94323867707533,1406.08223683624,10.5746734583437,0
90,22.249237,23.239237,100,5.04966157747103,5.54680286033,6.55336197848094,5.06447320941565,5.49728123803949,6.41068394844643,39,42,54,9.96055506682995,7.91637689047642,1424.03391628437,10.5746734583437,0
91,22.499237,23.489237,100,5.77717441875876,5.12001557701758,6.95376791550221,5.79392750727829,5.13746390289366,6.78586617890301,48,42,54,10.3896675594713,8.48003260842598,1474.25589116964,10.5746734583437,0
92,22.749237,23.739237,100,5.46989289188962,4.47614463799083,6.34558506240595,5.46891121695991,4.49101234903579,6.17835910352589,48,27,52,9.49852877308839,7.90958164455714,1380.12197792598,10.5746734583437,0
93,22.999237,23.989237,100,5.09971077757898,4.54346578771001,5.71425375972015,5.07873363679721,4.56154324408711,5.61203612737387,35,27,38,8.90521349601021,7.68241096241371,1316.40194021188,10.5746734583437,0
94,23.249237,24.239237,100,5.86143473561533,4.22499967317145,6.54638820518447,5.8828976574886,4.24006861007954,6.41513362245397,39,21,53,9.74998656056279,8.07968531816614,1360.36967855183,10.5746734583437,0
95,23.499237,24.489237,100,5.08315215641141,3.95679135334103,6.35370544700907,5.10783711564885,3.97541688303748,6.23022933572735,35,21,53,9.0478840933368,7.38555943547725,1268.45694342939,10.5746734583437,0
96,23.749237,24.739237,100,5.33364568534437,3.90956813545088,6.77361487880032,5.36048957510865,3.92351110536716,6.75845897204146,35,21,61,9.46648603383698,7.50579563009274,1306.58838089119,10.5746734583437,0
97,23.999237,24.989236,100,5.60890437864871,4.18441325201724,7.12794413479096,5.62658731812498,4.18511069329731,7.11818697833836,43,21,61,9.98882926979848,7.76307131178306,1362.30193059513,10.5746734583437,0
98,24.249237,25.239237,100,4.66695059296988,4.01118950653267,5.53813304150091,4.68671020282378,4.02346651884701,5.54477641159186,39,22,51,8.27894840423008,6.69564589939047,1140.17291008018,10.5746734583437,0
99,24.499237,25.489237,100,4.71837818792975,4.02013014662331,5.51150130615606,4.7375994432675,3.99641253267392,5.51878335296555,39,22,51,8.29464801952926,6.74154349107518,1146.35968451829,10.5746734583437,0
100,24.749237,25.739237,100,5.29494764342367,4.21497777618271,4.6384367082249,5.31344777641855,4.16085655517314,4.403155434206,39,22,33,8.20473054380949,6.8798998951009,1087.90370239412,10.5746734583437,0
101,24.999237,25.989237,100,4.7142774442332,4.8706017127015,4.34658480502175,4.7236777317183,4.75143784723757,4.21458506530919,37,35,23,8.0523271376803,6.81235229622313,1071.05857277699,10.5746734583437,0
102,25.249237,26.239237,100,4.81127798045279,5.24418246559552,5.21115433123117,4.80420691065695,5.13041042326158,5.17159100619467,39,41,38,8.82076952434189,7.30839487712024,1185.13362041429,10.5746734583437,0
103,25.499237,26.489237,100,4.9356230053056,5.32129694252673,5.93512474231326,4.89708220692834,5.30008576259942,5.96327989203149,39,41,54,9.37562164914226,7.65780205862278,1284.05222776934,10.5746734583437,0
104,25.749237,26.739237,100,5.04218525568512,5.73048777209818,5.80330983774362,4.79320857931808,5.74470331362867,5.78792717733223,37,43,54,9.58856231828666,7.80273898654421,1311.48942407003,10.5746734583437,0
105,25.999237,26.989237,100,5.5449343584715,5.0841892762423,5.65441117183264,5.31834066930161,5.06806200882078,5.66095077141319,37,30,54,9.41103837716969,7.7231241466705,1328.70623798024,10.5746734583437,0
106,26.249237,27.239237,100,5.60211199870267,4.96332074679472,5.47648139924671,5.46772901724844,4.90025767205412,5.50210244480519,35,25,45,9.27416088915146,7.76020311471073,1279.0122005919,10.5746734583437,0
107,26.499237,27.489237,100,5.52415940028868,4.89242926845899,6.03081343699372,5.41792759216468,4.82178348327628,6.02871076892511,35,25,45,9.53010555757364,7.97530705834217,1283.30380432854,10.5746734583437,0
108,26.749237,27.739237,100,4.66343966652861,5.31846164948514,6.27732226159276,4.52462398683274,5.34214234633306,6.26086126969635,35,42,45,9.45719189909376,7.77464832143773,1296.38102552664,10.5746734583437,0
109,26.999237,27.989237,100,4.39169936603078,5.24871259770691,6.37913944728179,4.30099823977944,5.27501256640755,6.36990239844039,31,42,45,9.35571629234176,7.65451859430493,1291.42363908552,10.5746734583437,0
110,27.249237,28.239237,100,5.04047125043659,5.44948209813235,5.99130334041174,4.95330723105811,5.46278502249724,5.91846110219387,35,42,42,9.53933547377236,7.84397153899157,1355.8662080691,10.5746734583437,0
111,27.499237,28.489237,100,5.1841769720989,5.42158450343824,5.334994736325,5.1170047267652,5.39344907543336,5.32744940583364,35,42,42,9.20496812827603,7.65318221309183,1322.60727393191,10.5746734583437,0
112,27.749237,28.739237,100,5.38903704206387,4.7318733684418,5.78429004682434,5.37705563228867,4.74023184873883,5.61897039348209,35,29,45,9.21359632073689,7.83023849090945,1324.17197342301,10.5746734583437,0
113,27.999237,28.989237,100,5.05058370935379,5.83683649559732,6.78582965833439,5.04621069954896,5.81999340483503,6.7632697847874,33,41,48,10.2773800276849,8.55803959130264,1503.59637144987,10.5746734583437,0
114,28.249237,29.239237,100,4.60626561001778,5.33440476125349,6.56043870665694,4.5036461098568,5.28924962694725,6.56824315793943,26,41,48,9.62875449114365,7.84653566538203,1407.48229559485,10.5746734583437,0
115,28.499237,29.489236,100,4.63620518037391,5.54647771392723,6.24644817336711,4.63054199764123,5.50834078301426,6.11505841296217,36,41,48,9.55384363950858,7.81141244366502,1400.21577263259,10.5746734583437,0
116,28.749237,29.739237,100,5.00376953539954,5.75469647165466,5.68124486455123,4.9696045815507,5.66466096411637,5.68367323252678,41,41,48,9.50951020059691,7.58320527849373,1431.14619879698,10.5746734583437,0
117,28.999237,29.989237,100,5.24064484910835,5.00263577000909,4.61473933755732,5.1766765205081,4.98762103977073,4.5201680490795,41,40,31,8.5899093263817,7.15537025233946,1236.31962024344,10.5746734583437,0
118,29.249237,30.239237,100,5.46080346199182,5.05732420793888,5.13602330633165,5.43107407945847,5.05249213435081,5.06439342943267,41,40,35,9.04298833339335,7.41126167537557,1289.1540648268,10.5746734583437,0
119,29.499237,30.489237,100,5.72016792269089,4.84410779501484,5.63223449439433,5.57751619170101,4.8423531302853,5.619985980787,36,40,45,9.37591418440626,7.53133887599726,1331.20851259102,10.5746734583437,0
120,29.749237,30.739237,100,5.17831934990139,4.30190205731192,5.78334422327171,5.02534987977369,4.32352035762853,5.69568328480509,36,22,43,8.87515763269126,7.37696374815177,1214.01535233786,10.5746734583437,0
121,29.999237,30.989237,100,5.40552015708613,3.89730512918826,5.56633189079642,5.23178900201606,3.87460001193998,5.44833400539499,36,18,43,8.6828961848659,7.1597683239199,1180.00842414555,10.5746734583437,0
122,30.249238,31.239237,100,4.72387460561382,4.06945476423299,6.22417949705208,4.55067982489286,4.06357309059727,5.99019400707726,29,16,44,8.80998659358941,7.32012683693279,1170.25652061351,10.5746734583437,0
123,30.499237,31.489237,100,3.85370046910488,4.76869605638047,5.60188668833227,3.69137679277836,4.77022541449044,5.47555633444833,23,28,46,8.30497464491205,7.08841714911038,1053.322536594,10.5746734583437,0
124,30.749237,31.739237,100,4.15841072877294,5.43885276525567,5.55967504935614,4.11506225636228,5.41382442913464,5.47445860060125,33,45,48,8.81949464797934,7.28382953744727,1124.87611114023,10.5746734583437,0
125,30.999237,31.989237,100,3.54575894309439,5.42243097762442,5.43861457814779,3.53773310971243,5.42045322194677,5.34596987827222,26,45,48,8.45894158386712,6.96099167559039,1127.47570174169,10.5746734583437,0
126,31.249237,32.239237,100,4.94675527969414,5.3278545698099,5.0125754438571,4.9303328303657,5.35158807733695,5.03782661171431,41,45,30,8.83076070871503,7.32234587554803,1186.54087055057,10.5746734583437,0
127,31.499237,32.489237,100,5.2195509608326,4.9678440418171,5.53219563310703,5.19334266930347,4.9850179578818,5.53789516226904,41,36,46,9.08451293022992,7.49583932793007,1268.58187055438,10.5746734583437,0
128,31.749237,32.739237,100,5.55820764209907,4.82640955354728,6.40221146527445,5.45742011791601,4.8481069928521,6.42674336682509,46,37,55,9.75582969394979,7.8050387753417,1355.57507364369,10.5746734583437,0
129,31.999237,32.989237,100,5.97787514837531,5.02238914018046,6.66671471462506,5.85356664130874,5.04199535617767,6.67631877034286,46,37,55,10.2666678650458,8.29305424566104,1455.71431452517,10.5746734583437,0
130,32.249237,33.239237,100,5.04642220982726,5.06661842240945,6.30902875607308,5.01451428708241,5.08696095101699,6.18191399212741,37,37,55,9.53629085143137,7.63165520407959,1364.11518004468,10.5746734583437,0
131,32.499237,33.489237,100,5.20599588319602,4.91242678177294,5.58760604753543,5.20002913744751,4.92452120422982,5.49264889822679,37,37,45,9.0805105233455,7.34088550312091,1294.35406577325,10.5746734583437,0
132,32.749237,33.739237,100,5.28321932939888,4.18417801107404,4.85570879573941,5.29249516301197,4.20250045818083,4.62365459546687,33,22,31,8.30648301147425,6.99027170936991,1195.61430175645,10.5746734583437,0
133,32.999237,33.989237,100,4.91911945949197,4.15315064455129,4.83424070745997,4.92160768674447,4.10882273192994,4.71073349925573,33,27,32,8.05085583964539,6.84219736975484,1126.8968216444,10.5746734583437,0
134,33.249237,34.239237,100,5.50555059786569,4.22414705801792,4.60550873539764,5.52679423766206,3.98323506915693,4.58609008003792,46,24,32,8.32857829795966,6.93548399588004,1166.36989521766,10.5746734583437,0
135,33.499237,34.489237,100,5.29059679909005,4.71587543274391,5.44209883907116,5.30647593688004,4.64422091192784,5.43464382782842,46,35,52,8.9356776666305,7.33491045342012,1287.0443027577,10.5746734583437,0
136,33.749237,34.739237,100,5.0175463085178,5.2759094163531,4.94279555471137,5.04223575550979,5.16550329033137,4.96008308825812,42,40,39,8.80012607996944,7.23930193307175,1265.87578463036,10.5746734583437,0
137,33.999237,34.989237,100,5.4179152503051,5.06904496260324,5.29443302178187,5.43609336850565,5.06095172109282,5.30484817326699,42,40,49,9.1148254791036,7.34380729461315,1336.52193290496,10.5746734583437,0
138,34.249237,35.239237,100,4.87070757824863,5.26741941783487,5.14109075475176,4.89249063836249,5.28281949513532,5.13695267919443,28,40,49,8.82611544139246,7.28075857680011,1331.28872266201,10.5746734583437,0
139,34.499237,35.489237,100,5.11668393889851,4.80878321533343,4.47109726038519,5.14119822530888,4.81856678469707,4.44970774207689,34,35,32,8.32439554889593,6.93825159244608,1201.97873244145,10.5746734583437,0
140,34.749237,35.739237,100,5.11805417659934,4.05876522987617,4.59988502864171,5.12938651893246,4.07598287087132,4.54277092497164,34,21,29,7.98917993429738,6.83581634924797,1170.16877205601,10.5746734583437,0
141,34.999237,35.989237,100,4.56068068700546,4.08465371997095,4.22129790749274,4.5706463526298,4.08821909314256,4.20322146776383,34,21,28,7.43663636092957,6.54665542320448,1118.07292102617,10.5746734583437,0
142,35.249237,36.239237,100,4.51934049553316,3.69010232078529,5.2292429327225,4.54161453959521,3.68776300209164,5.21687239404584,34,21,41,7.83493939363025,6.57945068098179,1148.20707265402,10.5746734583437,0
143,35.499238,36.489237,100,4.76106601544576,3.91685759116283,5.39222861754853,4.77445856045003,3.91263170624158,5.35581436149046,35,22,41,8.19058315730888,6.88246084522657,1205.96488406295,10.5746734583437,0
144,35.749237,36.739237,100,4.25382392476736,4.60254440837799,5.56225991870048,4.14382831827202,4.54588280810785,5.50037647930952,31,26,41,8.37956851020365,6.99724121323945,1213.68755573187,10.5746734583437,0
145,35.999237,36.989237,100,5.14959763138343,4.71417172269864,5.6537215975274,5.07768936554111,4.65999523128034,5.60753461375358,40,26,42,8.98367066953087,7.483129651841,1261.99536012612,10.5746734583437,0
146,36.249237,37.239237,100,5.06284041777082,4.88491835927384,4.91784388965006,4.98263651761461,4.90824908607021,4.91766553797982,40,35,30,8.58370368754379,7.35501518971552,1165.75700666343,10.5746734583437,0
147,36.499237,37.489237,100,4.88634735426349,4.95005872329726,4.66721468265669,4.87297225375423,4.97058011369565,4.68933886490399,34,35,29,8.37629779345358,7.1594108897671,1147.37010745691,10.5746734583437,0
148,36.749237,37.739236,100,5.37981348522919,4.80960052463825,5.65842596949286,5.37576867888574,4.72200950204187,5.67912178443324,36,31,53,9.17019273487126,7.58052931792378,1264.23151998644,10.5746734583437,0
149,36.999237,37.989237,100,4.82959673639975,4.66132988309198,5.99165029083417,4.70257827412181,4.61900990746421,6.01764241227577,29,31,53,8.9973815148021,7.37080017962434,1260.34955180625,10.5746734583437,0
150,37.249237,38.239237,100,5.40170428215669,4.64441839612872,6.70666504484924,5.4142628698875,4.66216232833624,6.71575864228414,36,32,60,9.78408848150768,7.93207309151982,1360.77728920944,10.5746734583437,0
151,37.499237,38.489237,100,5.38204705540168,4.65904371136018,7.92914442625714,5.40686992854853,4.68044502761924,7.96646379860886,36,29,60,10.6557238207157,8.45884902609355,1446.55536580508,10.5746734583437,1
152,37.749237,38.739237,100,4.9096271258178,4.92056265952178,7.06337227503085,4.933906600599,4.93271904447407,7.09363066134656,35,39,60,9.90997493924785,7.86107893983191,1332.08133698416,10.5746734583437,0
153,37.999237,38.989237,100,6.18879046548672,4.84847116336849,7.02853376990775,6.21723736108253,4.87288933847779,7.06371436328371,43,39,60,10.5455719144316,8.36332714598201,1440.40143397744,10.5746734583437,0
154,38.249237,39.239237,100,6.61295250038735,4.59748356580695,7.64057622649312,6.63781636237445,4.60386311216521,7.64523354513097,48,39,45,11.1016395628347,8.57655534465246,1535.27415731659,10.5746734583437,1
155,38.499237,39.489237,100,6.61672885437655,5.19689131071217,6.42741329328953,6.64902970061015,5.07917117234493,6.45979015827054,48,35,45,10.5877486592028,8.27639583729433,1485.41599476984,10.5746734583437,1
156,38.749237,39.739237,100,7.15125731769889,5.62279949463645,6.89528691567133,7.17526615843931,5.58283806034895,6.90070996201101,48,57,45,11.4149611050697,9.12526150471513,1581.9053119302,10.5746734583437,1
157,38.999237,39.989237,100,6.18140935996837,5.94274357099011,6.63747914979093,6.19272952662224,5.92972311002935,6.6193701064422,44,57,45,10.8435304347781,8.71695841327137,1482.75674464134,10.5746734583437,1
158,39.249237,40.239237,100,5.28372876323838,6.33906475946979,5.08000490002023,5.30865502569325,6.33298244642022,4.85448870696602,41,57,32,9.69061305864876,8.00004805053453,1295.91219987724,10.5746734583437,0
159,39.499237,40.489237,100,4.75806004940115,6.33451137160904,4.99067766253342,4.77413062581275,6.36381024293472,4.84440737637565,41,55,32,9.36333451725727,7.49601856917221,1284.24593758622,10.5746734583437,0
160,39.749237,40.739237,100,3.99613505698534,5.86558209695024,5.4575524012746,4.01234207027378,5.85752559197193,5.43927914118752,30,55,45,8.95315737281483,7.12409442946028,1266.78403342042,10.5746734583437,0
161,39.999237,40.989237,100,3.92629226600881,5.98660848036328,5.61749347135175,3.94532071643809,5.94189882244402,5.59476667443908,23,55,43,9.10008159062091,7.35036937704498,1296.42094985541,10.5746734583437,0
162,40.249237,41.239237,100,4.23285522568812,5.50050396114335,5.44366820486304,4.21985446634972,5.51196128176869,5.43152042630921,24,46,43,8.82077835073672,7.21878630769733,1271.40271156769,10.5746734583437,0
163,40.499237,41.489237,100,4.68840065825642,4.6543267727031,5.83598624083213,4.71056195579614,4.64361188226701,5.77976267381772,24,30,43,8.81490747782539,7.52989759161425,1278.13281736005,10.5746734583437,0
164,40.749237,41.739237,100,4.96767447036062,4.55837914575971,5.57129751707828,4.99090081138575,4.5811537517278,5.56961453429284,26,29,50,8.74619723672935,7.4843138784104,1210.79789477278,10.5746734583437,0
165,40.999237,41.989237,100,4.726005158309,4.70452876211856,5.02478010293602,4.7473118390274,4.72812346657229,5.04415853770828,26,26,50,8.34961859684775,7.08751257105121,1172.26912269267,10.5746734583437,0
166,41.249237,42.239237,100,4.60345670855029,5.4327908880145,5.5935770999023,4.60885182572787,5.4287952790484,5.60324581259502,29,39,50,9.0551165245369,7.58902600407785,1221.43017143647,10.5746734583437,0
167,41.499237,42.489237,100,5.25685570862716,6.23260649057787,6.21328240245509,5.1900740540833,6.16359464840924,6.20442168818727,38,40,49,10.2510874457483,8.43836864968872,1364.55833923166,10.5746734583437,0
168,41.749237,42.739236,100,5.28701616692573,5.96199494015161,5.55607655224739,5.20299059302543,5.88698272942648,5.47076712438877,38,38,34,9.7143147092402,8.02677299200931,1285.35458532051,10.5746734583437,0
169,41.999237,42.989237,100,5.66550290003215,6.23636677507667,6.14087944854103,5.45227225359049,6.10513941468393,6.11469500052905,38,40,48,10.4259577049337,8.33341884774464,1378.9866772028,10.5746734583437,0
170,42.249237,43.239237,100,5.81950089498387,5.90971457368313,5.61677916686436,5.61076706616012,5.88182442664337,5.63189868767921,42,44,48,10.0169618756608,7.98022630266278,1353.06757175953,10.5746734583437,0
171,42.499237,43.489237,100,5.14993466115607,6.27070756688987,4.66088230112467,5.14591139064831,6.28736105937213,4.65551698351949,40,52,40,9.35774674954199,7.34363258735374,1273.93288817986,10.5746734583437,0
172,42.749237,43.739237,100,5.13015749517595,6.55889859403447,4.99865313869446,5.09238885420431,6.57340832214894,5.00636968009129,40,52,42,9.71206465655564,7.74526981728066,1314.28742885947,10.5746734583437,0
173,42.999237,43.989237,100,4.76694790330339,5.9203289811157,4.92577980030438,4.78814824711638,5.94975595798651,4.94776758148602,32,52,34,9.05744965200104,7.48405121966126,1237.17727085618,10.5746734583437,0
174,43.249237,44.239237,100,4.24206294896755,5.80105713469023,4.92023631476904,4.26088623588468,5.82710489996117,4.94490861514358,29,52,34,8.7095400186299,7.24664310991013,1185.30873204819,10.5746734583437,0
175,43.499237,44.489237,100,4.65751649157079,4.38201974509932,4.44716395789278,4.67773579001766,4.39093418651465,4.46924394211609,24,31,34,7.78921203871578,6.67575207675236,1057.91939927274,10.5746734583437,0
176,43.749237,44.739237,100,4.39132541792208,3.93156187727669,3.99973597741167,4.39157825797965,3.93301231355635,4.00297868890635,27,23,32,7.12311768890177,6.20376128125273,1003.22962435171,10.5746734583437,0
177,43.999237,44.989237,100,5.05685016461992,3.92839159749515,4.79528568136229,5.05775731830908,3.92571167066713,4.81579891522883,35,23,42,7.99992243065926,6.51459154801385,1103.43987519657,10.5746734583437,0
178,44.249237,45.239237,100,5.05645622975543,4.47878046166785,5.95432089089237,5.07195696696526,4.49263145313939,5.97252970784668,35,36,42,9.00450783213427,6.95323095855936,1249.76911094922,10.5746734583437,0
179,44.499237,45.489236,100,4.6209392311143,4.49317893474841,6.14767738838964,4.63036748328931,4.51416401647933,6.16723175134091,35,36,42,8.90705751575879,6.95295796373,1257.38458017011,10.5746734583437,0
180,44.749237,45.739237,100,6.05599907169439,4.87140899278317,7.08276798081435,6.08455570948431,4.88091521472493,7.11521346315503,53,36,67,10.515291370256,7.98773179599047,1486.25982523087,10.5746734583437,0
181,44.999237,45.989236,100,6.17946688624194,4.86949041340879,6.19260971504435,6.19925052491888,4.88125666879613,6.21899176602274,53,36,62,10.0123005831478,7.84380302596712,1453.4095292044,10.5746734583437,0
182,45.249237,46.239237,100,6.16380455259688,4.7673205921519,5.65368323619634,6.1765604497891,4.7889181840722,5.63506338863542,53,29,48,9.62725123419022,7.86054296617141,1407.15098894191,10.5746734583437,0
183,45.499237,46.489237,100,6.10872304495448,4.90855398105309,6.31445688085252,6.11046461226786,4.93328214551659,6.32662323962488,53,29,60,10.0639338792053,8.228178111004,1473.77008034213,10.5746734583437,0
184,45.749237,46.739237,100,4.672809802434,4.74474349924216,5.24433978376177,4.674193064913,4.76854169521353,5.27069274575952,34,29,41,8.47648760341632,7.33977335156315,1279.40230834169,10.5746734583437,0
185,45.999237,46.989237,100,4.01353325536365,4.8576930874156,5.05517208073851,4.03339594241414,4.87661913023912,5.07718207057594,20,29,41,8.07839068684558,7.09998386252626,1212.85505161772,10.5746734583437,0
186,46.249237,47.239237,100,4.09045070550137,4.36380045034497,5.641077475938,4.10974451760691,4.38551334198487,5.5995219853704,20,24,40,8.22169668828171,7.07842732941284,1208.14496178828,10.5746734583437,0
187,46.499237,47.489237,100,4.67686640579472,4.83811385028872,6.72793319572946,4.68674253139167,4.86010350307543,6.73806464435562,27,36,54,9.51554045192416,7.74079363433519,1311.91671993611,10.5746734583437,0
188,46.749237,47.739237,100,4.89786096239442,5.00646778368372,6.85588067045704,4.86025937704165,5.01572275424736,6.89036803931196,30,39,54,9.80086023997672,7.83767649830428,1345.44163629649,10.5746734583437,0
189,46.999237,47.989237,100,4.55687518039317,4.86389820910304,7.05549998803724,4.57983061748451,4.85834697747447,7.09054712880879,30,39,54,9.70580739966503,7.64327433243076,1314.10791043316,10.5746734583437,0
190,47.249237,48.239237,100,4.43213180228303,4.86214548748478,6.16750312221579,4.45143263739356,4.88435970184114,6.17763970487372,30,39,54,9.0178903196268,7.09883181065613,1194.896513217,10.5746734583437,0
191,47.499237,48.489237,100,3.95615226860384,4.34886048717717,4.19874379434645,3.96194014303216,4.33192284736877,4.19488625675008,30,30,33,7.22448460167734,6.2404465359542,990.357807183626,10.5746734583437,0
192,47.749237,48.739237,100,3.67819912190562,4.30586329804705,5.36017115111213,3.6721584217933,4.32498029422731,5.38550242443882,24,26,45,7.79750231106543,6.48289683224024,1070.02318532414,10.5746734583437,0
193,47.999237,48.989237,100,3.84167444463869,4.60820360768529,5.64527582499319,3.8556137741944,4.6275416166839,5.66830635813706,24,32,46,8.2379088468328,6.79320900714888,1127.74950703967,10.5746734583437,0
194,48.249237,49.239237,100,4.01677132299636,5.41786349596605,5.85303266057617,4.03613726728961,5.43743106307166,5.86614150542042,24,41,46,8.93004412351578,7.30039445361967,1237.54617256906,10.5746734583437,0
195,48.499237,49.489237,100,4.17904756069681,5.45810857641722,6.04628626337613,4.19956707725495,5.47169022692202,6.0747116155519,24,41,47,9.15494212571637,7.42447752970721,1272.03996806883,10.5746734583437,0
196,48.749237,49.739237,100,4.65329267985276,5.30537607507943,5.53825444191359,4.67033405679082,5.32365599295382,5.54962916223993,30,41,34,8.9706415782692,7.46644000748176,1250.45539353597,10.5746734583437,0
197,48.999237,49.989237,100,4.6847017521458,5.05401635969763,5.51367366327061,4.7056703383613,5.07515238364049,5.53497602487667,32,41,45,8.8255373284403,7.12883104845851,1255.64784181277,10.5746734583437,0
198,49.249237,50.239237,100,4.71314958028372,4.27832510239022,5.87275425818437,4.73687447564106,4.29915425086462,5.8937648957576,32,22,48,8.66066320929832,7.09733742168811,1257.77639522345,10.5746734583437,0
199,49.499238,50.489237,100,4.8030353715528,4.5011986261216,5.93421167491085,4.80844165100411,4.51371646912346,5.95853517352557,32,24,48,8.86255076458434,7.34277438034891,1286.75704078968,10.5746734583437,0
200,49.749237,50.739236,100,4.52214790508942,4.58087284391005,6.41762515112555,4.51779869521707,4.58878738851232,6.44995497596062,29,33,52,9.08956161032734,7.39192131845367,1303.60399710936,10.5746734583437,0
201,49.999237,50.989237,100,4.90311206452616,4.50607660192354,6.28896847335908,4.87537618336195,4.45288466257344,6.31121336522655,28,33,52,9.15949554935255,7.68432793906027,1302.99008272697,10.5746734583437,0
202,50.249237,51.239237,100,5.18039547138614,5.28494360534137,5.98971173327732,5.17222574835237,5.21725962357615,6.0010436802714,30,45,42,9.5207023270007,7.78160291297521,1336.66413630346,10.5746734583437,0
203,50.499237,51.489236,100,4.88731122378764,5.0965245850062,5.48786357772858,4.89757722004081,5.04143437982293,5.49493798275681,30,35,42,8.94298722416024,7.21726136345583,1243.81503568744,10.5746734583437,0
204,50.749237,51.739237,100,5.02106702594372,5.43945548365696,5.02078795071965,5.04625073343036,5.43333333333333,5.03623235798711,30,35,36,8.94466889738221,7.32898779901924,1280.30886517843,10.5746734583437,0
205,50.999237,51.989237,100,4.70380246305482,5.37768330793917,5.60870551720189,4.72200950204187,5.39449775795727,5.63476761371807,30,36,39,9.0831059088078,7.44834612184927,1331.47555512328,10.5746734583437,0
206,51.249237,52.239237,100,5.10905273306255,4.6810537147036,5.27260755144015,5.12725929506085,4.70069842220979,5.29764575118519,40,33,39,8.70718519963014,7.20039112162201,1278.84677571805,10.5746734583437,0
207,51.499237,52.489237,100,5.3937377098385,4.54667613536971,5.99076310473237,5.40392674288098,4.56552739604532,6.01253740617104,40,33,41,9.25493992090154,7.67909641483237,1356.46422554137,10.5746734583437,0
208,51.749237,52.739237,100,5.85307063388354,4.33897356998574,6.55773008173844,5.88175573320165,4.33501133012628,6.57029587452406,45,24,56,9.80249719771457,7.91927470459851,1376.82877620527,10.5746734583437,0
209,51.999236,52.989237,100,5.78144544293927,4.37700427794814,6.2576098484534,5.8105703052908,4.38402748277163,6.28501504703164,45,24,56,9.57815007578816,7.71089582271452,1346.33472674414,10.5746734583437,0
210,52.249237,53.239237,100,5.04371973253344,4.20929484741879,7.08531097643181,5.06905844663025,4.22312058491673,7.05444912982243,40,24,59,9.66224112127196,7.72015795208709,1367.29654503434,10.5746734583437,0
211,52.499238,53.489237,100,5.29935588580455,4.22783114282403,7.09216601751061,5.28026629264208,4.23705396031562,7.05719061623954,31,24,59,9.81104213611258,7.66868174102504,1380.48693914663,10.5746734583437,0
212,52.749237,53.739237,100,5.15265190707704,4.0909090864029,6.08893053632479,5.15481534219425,4.03243165478413,6.10662002099427,37,24,53,8.96439813400247,7.26816077437704,1262.94350233792,10.5746734583437,0
213,52.999237,53.989237,100,6.45061763533245,4.79146739275521,5.90405690089461,6.47770847373568,4.73767406599014,5.92235961710731,47,35,54,9.97128454824651,7.83017870219651,1411.99031705323,10.5746734583437,0
214,53.249237,54.239237,100,6.46975962795161,4.82161759983165,5.72358798836645,6.50097117841837,4.78232224558384,5.73011713878892,47,35,49,9.89268645935226,7.88641819644445,1422.67939276474,10.5746734583437,0
215,53.499237,54.489237,100,6.21056471498521,4.87756280345306,6.49193257227526,6.24176224792293,4.82915179619642,6.50575502803852,47,35,59,10.2228626863329,7.94232020379742,1456.30179414725,10.5746734583437,0
216,53.749237,54.739236,100,6.40123615755899,4.50185350357994,6.33471561764236,6.41194434653252,4.46155292980533,6.36577813885556,47,35,59,10.0683231607323,7.70998056090907,1433.65583623128,10.5746734583437,0
217,53.999237,54.989237,100,5.11206541863965,3.93847727164698,6.40337436078171,5.00766079788424,3.89374011988629,6.43490324697892,33,21,59,9.0910956032839,7.23817265776748,1277.03683396902,10.5746734583437,0
218,54.249237,55.239237,100,5.71657142179011,4.83973980334597,5.6835997959996,5.67792108775632,4.85960467278539,5.70978249687465,42,33,59,9.40242398669648,7.48870494361695,1309.80243305333,10.5746734583437,0
219,54.499237,55.489237,100,5.65165292745577,5.03920382513465,5.2004889276104,5.62529460507975,5.06198946795994,5.19590942448719,42,35,36,9.18585004721226,7.73182983474578,1306.40051749912,10.5746734583437,0
220,54.749237,55.739236,100,4.65150196674128,5.17362200468632,5.84754938713194,4.66562758994766,5.16080801754332,5.86007722223053,32,35,41,9.08827095925949,7.47865949049661,1309.98987129811,10.5746734583437,0
221,54.999237,55.989237,100,4.5990369396624,5.54502921227882,7.02298908657529,4.61004612260282,5.52016505389306,7.04297773342607,32,42,49,10.0608580870401,7.84004300154695,1452.33946047639,10.5746734583437,0
222,55.249237,56.239237,100,4.29811962989034,4.57979906861673,7.23897710020111,4.27555891555759,4.59353960041775,7.27310668202254,26,32,49,9.5839021968605,7.45995975178797,1392.28980241967,10.5746734583437,0
223,55.499237,56.489237,100,4.5100393047713,4.93745785867249,6.5361311960612,4.53132754200458,4.94531714009947,6.54606057800484,32,33,49,9.3509334105678,7.34415127275162,1339.78590360265,10.5746734583437,0
224,55.749237,56.739237,100,5.02796989091442,5.086574635671,6.22677091360009,5.03619224446727,5.03180791655354,6.21773286819255,36,33,48,9.48295306108016,7.71800885105823,1314.90549819929,10.5746734583437,0
225,55.999237,56.989237,100,5.04979747421438,4.67772480936186,4.35278532373469,5.07395807088022,4.57462257647248,4.33881937113698,36,33,30,8.14421905385787,7.09302925928386,1132.88168563145,10.5746734583437,0
226,56.249237,57.239237,100,4.89658015761593,5.06432018685782,4.03422503579292,4.88498007191742,4.97525188439051,4.04125193123581,36,33,23,8.11780806833914,7.21190927364054,1132.70354386025,10.5746734583437,0
227,56.499237,57.489237,100,4.78154502273181,4.64741721491592,4.0239610166322,4.7548380465043,4.55727856058722,4.02145759795142,36,23,28,7.78806277820639,6.84132752680465,1079.84168476565,10.5746734583437,0
228,56.749237,57.739237,100,5.04161115420385,5.07818828707702,5.80879207751881,5.01311411512975,5.04343758028813,5.7986762683087,36,32,45,9.21671876043987,7.51927397492295,1289.62501837321,10.5746734583437,0
229,56.999237,57.989237,100,5.75804869346928,5.02871716037065,5.75400021894611,5.7850032520529,4.99311647382796,5.78035684473937,45,32,45,9.56826209690147,7.7468418653796,1326.61236417494,10.5746734583437,0
230,57.249237,58.239236,100,6.43240216804582,4.88491801774612,6.13189041660021,6.46090808890928,4.88389437257034,6.16220969156587,55,32,45,10.140922136215,8.07147940398599,1407.77323345399,10.5746734583437,0
231,57.499237,58.489237,100,6.6447843800782,5.01716389503175,6.98899248941715,6.65589280945157,5.03574094535123,7.02388421708028,55,32,58,10.8706535693339,8.5344132958393,1494.63875650092,10.5746734583437,1
232,57.749237,58.739237,100,6.48381125024662,4.41789913671375,5.20126842167434,6.50733075349283,4.38430395982318,5.11850475325469,55,27,47,9.41333279478142,7.58030863049857,1280.94237031648,10.5746734583437,0
233,57.999236,58.989237,100,6.24429292707343,4.79748518985459,5.29900362715039,6.20524379094411,4.72443679503738,5.13190653134531,41,37,47,9.49139071719875,7.57023999361765,1281.26079175607,10.5746734583437,0
234,58.249237,59.239238,100,5.39189081516067,4.81239483973286,4.91205574337994,5.39812911848151,4.78089632777889,4.66532448231123,41,37,47,8.73841646307689,6.95996288368333,1166.32660120707,10.5746734583437,0
235,58.499237,59.489237,100,6.50900377131826,5.17618725806855,4.19085750426651,6.53827889502206,5.14904129548659,3.65286659261385,46,46,27,9.31253624136268,7.35862512186422,1259.50863004885,10.5746734583437,0
236,58.749237,59.739237,100,6.05957389964261,5.12913244278954,4.57357164136205,6.08932664503219,5.15218890424745,4.0955630093598,46,46,27,9.16209544916322,7.14666818578249,1259.26798923179,10.5746734583437,0
237,58.999237,59.989237,100,5.5244711634205,5.67477618067543,6.03982114309298,5.5521312679152,5.68907334770396,5.90095866205764,46,39,47,9.96003543049816,7.62619417195828,1405.74519987321,10.5746734583437,0
238,59.249237,60.239237,100,5.52218059778979,5.46954027503354,6.27391786524382,5.53660910702935,5.49080958502386,6.17983033992868,42,39,49,9.988613254834,7.58190742783948,1416.55299046729,10.5746734583437,0
239,59.499237,60.489237,100,3.68173212628558,5.17076929845695,5.95758167776374,3.67211716104544,5.18190324225773,5.93652450785164,24,44,49,8.70544576887447,6.81438642644918,1257.37253128524,10.5746734583437,0
240,59.749237,60.739237,100,4.31607490419594,5.84141253320721,5.75784503501321,4.28782631941343,5.86449684391792,5.7339939718042,29,47,49,9.26840776018009,7.25087168830031,1331.84556587644,10.5746734583437,0
241,59.999237,60.989237,100,4.63103486202361,5.44496764196224,4.40378208260545,4.63298450834292,5.47239168070696,4.27872349509462,31,43,41,8.39568062436695,6.82374529131686,1173.18473640218,10.5746734583437,0
242,60.249237,61.239237,100,4.60490370182084,5.90896500950413,4.87723939661679,4.61804760005391,5.92839426707254,4.78765246875921,31,43,45,8.93915374733528,7.32662948926255,1274.21930194386,10.5746734583437,0
243,60.499237,61.489237,100,4.67701313460268,5.91537036507012,5.82372725439467,4.69982806476831,5.94434626559158,5.78486356491201,31,43,46,9.52795138268321,7.79399399325764,1405.15128908607,10.5746734583437,0
244,60.749237,61.739237,100,4.3986137577824,5.61964934328368,7.05480523790159,4.41158942016607,5.64598722254768,7.01636614918249,31,42,56,10.0348661513916,8.1296999535455,1469.83366874107,10.5746734583437,0
245,60.999237,61.989237,100,4.34516757144555,5.05797206043008,6.88757688764069,4.34725037910009,5.07913139794353,6.85936652256672,28,38,56,9.58656758027582,7.83738307722026,1424.71371079195,10.5746734583437,0
246,61.249237,62.239237,100,4.43025470920074,5.37762219168444,6.23577246158312,4.42257751986236,5.40455288800025,6.14678202744568,28,35,55,9.35044573362846,7.6429258000567,1386.00965147147,10.5746734583437,0
247,61.499237,62.489237,100,4.45591795665533,5.38885900886988,5.28821033081597,4.3514307411413,5.39804491356722,5.11784361155391,28,40,54,8.76699348447745,7.16725299444972,1228.65672079621,10.5746734583437,0
248,61.749236,62.739237,100,4.22443657602771,5.22595658595618,3.81606547246453,4.13147563336526,5.24725998724452,3.54496370598736,28,40,29,7.72779673084867,6.56054976821842,1064.6253395168,10.5746734583437,0
249,61.999237,62.989237,100,4.45307478740529,5.24530693676943,3.62720644956145,4.33850507232921,5.26375063116317,3.34307666920183,33,40,25,7.77815830070887,6.50335466272993,1059.82268520949,10.5746734583437,0
250,62.249237,63.239237,100,4.72248950176247,4.86558343725725,3.65619671820613,4.5159202111569,4.89009512208406,3.4508233536624,33,37,25,7.7034786766363,6.44860601677183,1029.06697121826,10.5746734583437,0
251,62.499237,63.489237,100,4.71902272443642,5.27130802594241,4.72301212271261,4.68674253139167,5.29603434637463,4.70486530899213,31,45,44,8.50662725699219,6.8086967589508,1153.03382974398,10.5746734583437,0
252,62.749237,63.739237,100,4.75834288530962,5.33111455499308,6.09131628921431,4.7498644318772,5.27784582624925,6.07831050423212,31,45,58,9.3897147745756,7.15076915323356,1272.35252659323,10.5746734583437,0
253,62.999237,63.989237,100,4.67445125877059,5.41286837947196,7.02284037656657,4.66375450260904,5.39063909930816,7.05799210294632,29,45,58,10.0234687418499,7.70261042163399,1404.75485518282,10.5746734583437,0
254,63.249237,64.239237,100,4.29003945373069,5.05644795767503,7.22338336711964,4.31113193788576,4.92964645196937,7.25957396418097,29,33,58,9.80557860259263,7.50799500918251,1400.79520748259,10.5746734583437,0
255,63.499237,64.489237,100,4.17050429456813,4.41834396345963,6.88194118319058,4.19112819602975,4.21228362451217,6.88880661404111,29,26,57,9.18019519941411,7.18599115499076,1296.22613940312,10.5746734583437,0
256,63.749237,64.739237,100,4.34270446231231,4.15472783458076,5.70547711737729,4.35221991422977,3.931984874145,5.70588921353821,29,23,49,8.28693637982959,6.94676638421236,1181.46467155322,10.5746734583437,0
257,63.999237,64.989237,100,4.27555857682501,5.71146032655302,5.21965082700637,4.26917539881633,5.53085011822803,5.11784361155391,24,37,41,8.84001894576698,7.48460873807276,1173.14046352409,10.5746734583437,0
258,64.249237,65.239237,100,4.4368574717609,6.06709441033992,5.57589340420296,4.38113494820046,6.01946338089529,5.46674057599705,22,42,46,9.35873528120827,7.82916067060617,1292.98622382616,10.5746734583437,0
259,64.499237,65.489237,100,4.73635436641846,6.31670661012992,5.8848022537163,4.71424876455851,6.28105215402771,5.7355439712781,24,42,52,9.84706721049951,8.11349016591554,1413.9996359854,10.5746734583437,0
260,64.749237,65.739236,100,5.27602032468772,6.58309796333424,5.66008155338508,5.26743377612463,6.6053161938095,5.51782236361081,31,42,52,10.1592368046199,8.36797335405263,1487.79793971983,10.5746734583437,0
261,64.999237,65.989237,100,5.4966425550195,5.51499865453778,5.65343447140186,5.51269425778339,5.50550688498399,5.63082246356264,39,41,52,9.62234954985732,7.93347888729313,1416.92641571774,10.5746734583437,0
262,65.249237,66.239237,100,5.41526897790343,5.42998308767099,6.40330010645806,5.43400256149957,5.36238300712953,6.2828932407568,39,29,54,9.99060091730232,8.22399225022348,1446.06859695063,10.5746734583437,0
263,65.499237,66.489237,100,5.66290584228892,5.7986259014591,6.07703713840008,5.65342481343938,5.78660941181004,6.00925212577332,43,41,54,10.1302983818442,8.41259668121739,1413.24979111117,10.5746734583437,0
264,65.749237,66.739237,100,5.49246606559889,6.19937554973084,6.1327049554975,5.45927068056131,6.14425904336066,6.10033117166932,39,40,54,10.3057998602505,8.55284658661875,1375.2867764609,10.5746734583437,0
265,65.999237,66.989237,100,5.16325111989213,6.0176892741534,6.06418428139992,5.15716624090824,5.92887132188878,5.81172621655232,39,40,52,9.98228818087848,8.05910234584015,1327.10619356892,10.5746734583437,0
266,66.249237,67.239237,100,5.72757465334877,5.91996826909017,4.67969474189536,5.75642811528683,5.71445093556236,4.45969605341988,40,38,43,9.47368347550417,7.85623868846482,1263.9508529355,10.5746734583437,0
267,66.499237,67.489237,100,5.19138400402647,5.35418860504052,4.14483368955779,5.21081819512313,5.10989335515039,3.86084985672347,32,38,37,8.53214215831528,7.26123732116519,1119.52086681721,10.5746734583437,0
268,66.749237,67.739237,100,5.35939792430561,5.46378146133713,4.97362412512752,5.37186836184299,5.12639239523264,4.71330590193895,36,41,41,9.12759502313469,7.52426388698535,1258.50877103478,10.5746734583437,0
269,66.999237,67.989237,100,5.63280118519285,5.6190359654697,4.4845060071957,5.66092400638452,5.39262496752779,4.29277052588172,39,41,32,9.13306128862203,7.6625122717467,1276.83758019769,10.5746734583437,0
270,67.249237,68.239236,100,4.89759980942481,5.75705903027511,4.318656518939,4.90206099719312,5.51274006554844,4.11741803963738,39,41,32,8.70522869888692,7.20108957101824,1202.78139118461,10.5746734583437,0
271,67.499237,68.489236,100,5.12293521410587,5.50622224695179,4.84666622617585,5.14339823993296,5.28638426392356,4.77730324164442,39,41,40,8.94724103557663,7.29478368470197,1248.52045974072,10.5746734583437,0
272,67.749237,68.739237,100,4.71003876925933,4.97862246319452,5.25947196777638,4.72795255406982,4.81381639479824,5.13537936399262,33,31,58,8.63905042344218,7.00670731485523,1162.46228748684,10.5746734583437,0
273,67.999237,68.989237,100,4.31962831970846,4.9508860710937,5.34948006240331,4.25172573400163,4.83767829781304,5.11218587733706,29,32,58,8.47274445781457,6.83466881065296,1104.30681402625,10.5746734583437,0
274,68.249237,69.239237,100,4.36469028270987,5.52723184858104,6.3606011703581,4.3,5.51306070924658,6.11122497598237,29,38,58,9.48989253997702,7.48686456829264,1300.50277194124,10.5746734583437,0
275,68.499237,69.489237,100,4.62685959193843,5.9188330099996,6.214026402039,4.61305788282599,5.82748624705335,6.01093280043232,40,38,55,9.74959168421997,7.5972918726727,1349.5962225832,10.5746734583437,0
276,68.749237,69.739237,100,5.73700149477855,5.52580788985311,5.70862462094347,5.7032597448452,5.47468001002079,5.48440396658441,49,38,48,9.79980275564239,7.74893121457223,1385.27094879788,10.5746734583437,0
277,68.999237,69.989237,100,6.29098327343174,5.29482830910347,5.70680917899409,6.31579709373987,5.17144451617132,5.61023595535406,49,38,48,10.0089634016182,8.0406805285972,1425.09530612019,10.5746734583437,0
278,69.249237,70.239237,100,6.40383651314017,4.44457225222322,4.9349059394356,6.43490324697892,4.24667427809603,4.82882757587965,49,31,42,9.2258680471453,7.61136934564668,1278.49285672534,10.5746734583437,0
279,69.499237,70.489237,100,5.93844351742805,3.82062500884155,5.8221253689345,5.96835933329363,3.70912061782517,5.56594079825657,42,25,46,9.1520178474181,7.61508266143743,1286.48738938844,10.5746734583437,0
280,69.749237,70.739237,100,4.62490738164394,3.97530854493351,6.95615445145747,4.64697142603045,3.90972628146263,6.83407978184674,25,26,49,9.2509962203396,7.54531355804509,1262.9958143361,10.5746734583437,0
281,69.999238,70.989237,100,4.02606203053894,3.94907712757721,6.8753984930973,3.9804953754958,3.9167472590032,6.72594103663441,25,26,49,8.8924400516498,7.19387746912805,1220.9081665783,10.5746734583437,0
282,70.249237,71.239237,100,4.02067959241727,4.41615451534825,7.00731468730397,3.92072967853195,4.29629861836696,6.87348881463034,22,26,49,9.20710292194116,7.36368707920239,1230.62872240623,10.5746734583437,0
283,70.499237,71.489237,100,4.54363276186865,4.54584605242996,6.01565331053341,4.22115882408869,4.45489176143042,5.86356667408277,30,26,46,8.80326074586291,7.0845278393549,1184.96634320143,10.5746734583437,0
284,70.749237,71.739237,100,4.61048847882717,4.92445820078703,4.07008381363691,4.26879681674195,4.77683805651624,3.71369292638946,30,29,26,7.87860868648304,6.62685418884509,1052.55969036621,10.5746734583437,0
285,70.999237,71.989237,100,5.24561949947935,5.4543525351446,4.87319005537046,5.19502481498239,5.36321176199863,4.69234278458861,36,46,41,9.00080367671231,7.28653698880602,1251.54498525181,10.5746734583437,0
286,71.249237,72.239237,100,5.23970469091207,5.0737636944798,4.70644103915412,5.22112066611192,5.03253054003288,4.56672196383243,36,46,41,8.6803323974616,7.08287058302707,1219.9502488502,10.5746734583437,0
287,71.499236,72.489237,100,5.02916360467762,5.16077208544534,5.10877117096891,5.03205883924425,5.07649564963943,4.91236329390581,30,46,42,8.83320994643787,7.31449230433925,1228.24017324152,10.5746734583437,0
288,71.749237,72.739237,100,5.64569148580124,4.65914862916778,5.22897206117949,5.6405458579607,4.51690427642918,5.08603753208505,44,39,42,8.99575717314114,7.34077324091411,1270.12661563218,10.5746734583437,0
289,71.999237,72.989237,100,4.96096974919817,4.16926224853883,5.18012648283391,4.82941324833901,3.99160735705922,5.01065531309695,37,22,40,8.29624486907828,6.95828877438186,1128.0568899826,10.5746734583437,0
290,72.249236,73.239237,100,5.35037979711329,4.95459345244454,6.03606003022399,5.20507716396484,4.91769634826484,5.84488898720303,41,35,45,9.46618090577356,7.99460225404917,1345.28054356622,10.5746734583437,0
291,72.499237,73.489237,100,5.31261697153566,5.55710713613205,6.66499428481343,5.16056335504314,5.54926512561289,6.56660513738286,41,38,58,10.1748458280848,8.1002344952823,1472.2309060768,10.5746734583437,0
292,72.749238,73.739237,100,5.32708829695479,5.68311822701025,6.83071851148634,5.25222415609412,5.66844000772806,6.80169319383272,37,38,58,10.3602325209858,8.31186553910496,1482.38504318622,10.5746734583437,0
293,72.999237,73.989237,100,5.75174582099853,5.85735864245369,6.67803959861423,5.5742825782899,5.78240975945692,6.60850385732831,37,38,57,10.5824119715857,8.51931579283763,1521.85770384324,10.5746734583437,1
294,73.249237,74.239237,100,5.69794617969651,5.83983978188376,6.10401717670196,5.48329879329639,5.6,6.0275042995263,37,36,57,10.1896685440824,8.07053849365013,1421.26704035505,10.5746734583437,0
295,73.499237,74.489237,100,5.76338245477758,5.45438251054128,6.42440552275201,5.5945861276232,5.32670042087383,6.39073666735809,37,34,44,10.209791976926,8.42509947100117,1378.11090964836,10.5746734583437,0
296,73.749237,74.739237,100,5.31299442533048,5.26657843998598,6.11503122979655,5.12741689746446,5.22720158054349,5.99726368581303,37,34,44,9.66221326454271,8.12299800924013,1328.09768439228,10.5746734583437,0
297,73.999237,74.989237,100,4.8956317442303,4.97200017449004,5.71205458383243,4.79136428558419,4.98741851405549,5.63010486652609,37,34,44,9.01751426275143,7.63921963115665,1212.64591944832,10.5746734583437,0
298,74.249237,75.239237,100,4.77164360139251,4.77807160379354,5.54196716589398,4.53444727846869,4.80126246024118,5.43853627069607,33,39,44,8.73567118071274,7.41911376364996,1217.09416511731,10.5746734583437,0
299,74.499236,75.489237,100,4.32102390016758,4.91759606248429,3.96260674977543,4.06015375138042,4.89785564293088,3.73084332546837,24,43,19,7.65220561883606,6.68649693392724,1027.25287340651,10.5746734583437,0
300,74.749237,75.739237,100,4.7859396342958,5.07583119745647,4.98905709446226,4.65551698351949,5.05425113597005,4.84193591803355,36,43,41,8.57671097915745,7.172088784796,1206.13397029901,10.5746734583437,0
301,74.999237,75.989236,100,5.73839950338658,5.0920182900621,5.24893430254417,5.61184713644521,4.99716081006167,4.98534215111023,45,43,41,9.29565438466918,7.54655611894769,1265.75620583646,10.5746734583437,0
302,75.249237,76.239237,100,5.85211388034062,4.38392675157297,5.56852749832593,5.70748224135244,4.24381903478459,5.31420813299668,45,32,41,9.19100370641012,7.61696576359488,1213.39514915029,10.5746734583437,0
303,75.499237,76.489237,100,6.85865736222618,4.76085118300435,6.35657922422742,6.84809934554579,4.77721866589946,6.04504137723847,52,42,46,10.4934734112692,8.64413642363543,1449.76462422935,10.5746734583437,0
304,75.749237,76.739237,100,6.41502662836984,5.85164678127277,5.55546426361441,6.29785918412204,5.87838877120717,5.20267025456906,52,39,33,10.3081288253383,8.60883168891578,1418.73670107013,10.5746734583437,0
305,75.999237,76.989237,100,5.37567388552847,5.95528143693088,6.42116121215041,5.30199124019562,5.98428919519413,6.21866691356099,35,39,48,10.2759212739798,8.65364970756911,1478.15591814741,10.5746734583437,0
306,76.249237,77.239237,100,5.52405208607987,5.92832607060317,6.74467102645,5.53315078194672,5.95796724876645,6.66563628400973,43,39,48,10.5428074393944,8.59059707019719,1567.69776732906,10.5746734583437,0
307,76.499237,77.489237,100,4.99678193275559,6.2567311727207,6.33621898338837,4.98761091368028,6.24308910845918,6.25550262819169,44,48,48,10.2108856450681,8.25651584806977,1497.94700767787,10.5746734583437,0
308,76.749238,77.739237,100,5.2858731095801,5.48480428341991,6.72053437235679,5.31128016298303,5.45070656155714,6.53302411142068,44,48,48,10.1582043102131,8.16000323471519,1484.16450119022,10.5746734583437,0
309,76.999237,77.989237,100,6.98272601056278,5.48638819304638,6.29467019580744,7.01492636591375,5.46107437537096,6.06026968763509,49,48,44,10.8849341209479,8.92711616774132,1559.30018007939,10.5746734583437,1
310,77.249237,78.239237,100,6.52914963698525,5.93912801042809,5.99665349904707,6.55916353376147,5.90034239718683,5.78066264420097,49,48,41,10.670655541907,8.63511915247871,1508.49454705089,10.5746734583437,1
311,77.499237,78.489237,100,6.01463196309472,4.96543423611811,6.0065904746572,6.04076221025195,4.92549541168247,5.91382560897202,46,36,40,9.84431124736196,8.10940333368664,1415.89285870368,10.5746734583437,0
312,77.749237,78.739237,100,5.90043428540334,4.60037009609898,5.98036409893815,5.92815572526821,4.51774279923061,5.89901549738461,46,26,40,9.57827147941179,7.95886263253809,1373.74453318042,10.5746734583437,0
313,77.999237,78.989237,100,4.59773155302779,5.50357256034546,5.86385152914603,4.61271847365214,5.5276988472107,5.77965781378487,32,39,40,9.26354149969455,7.67856193662276,1336.0241273162,10.5746734583437,0
314,78.249237,79.239237,100,4.60765318543637,5.19161996560429,6.93294952553164,4.62329411619556,5.21617530845013,6.7162098498688,32,31,62,9.81066638246824,8.0321349523844,1420.87381387215,10.5746734583437,0
315,78.499237,79.489236,100,4.72332739448629,5.26937959447832,6.5282045098098,4.72115377098575,5.29588176193197,6.24350976145742,32,31,62,9.62775348189339,7.88947867125886,1367.77145031176,10.5746734583437,0
316,78.749237,79.739237,100,4.52679139798342,5.44445562443485,6.58073699777462,4.49433987467469,5.46129632740777,6.28266011987105,31,31,62,9.6664386844989,7.85395153286899,1323.48183775858,10.5746734583437,0
317,78.999237,79.989237,100,4.27860458560007,4.63954419309847,6.25671744455191,4.29774429911856,4.46766158073773,5.83333333333333,29,22,62,8.88697590300502,7.33431819568339,1175.45616946791,10.5746734583437,0
318,79.249237,80.239237,100,4.120653059342,4.85570037263794,4.27590809744983,4.14118267399471,4.48308831143006,3.710903943894,29,23,27,7.67078860366637,6.85741908412928,973.278188625739,10.5746734583437,0
319,79.499237,80.489237,100,4.3298764051082,4.82032472763754,4.31217441468089,4.31201047580295,4.39939160164749,3.74137391714311,32,23,25,7.78320039225607,6.98761032552957,985.80694791343,10.5746734583437,0
320,79.749237,80.739237,100,5.07035527144104,4.93250760235684,3.96406531416012,5.05341168884643,4.69664612766225,3.6973782685311,42,30,27,8.10875746590471,7.05141012474246,1107.18525898475,10.5746734583437,0
321,79.999237,80.989237,100,5.10214599434167,4.95422910270233,3.9690944027772,4.9577100448583,4.75852239182872,3.73024764254968,34,33,28,8.14432257022011,6.96048141664817,1119.70307345562,10.5746734583437,0
322,80.249237,81.239237,100,6.03842750082619,5.02685828859812,4.13621706708822,5.78555323738588,4.84685673421654,3.83071056520111,35,33,28,8.87920055874703,7.45383254159807,1197.76644913257,10.5746734583437,0
323,80.499237,81.489237,100,5.81394075427818,5.77766732535283,4.23320919175673,5.65771128369917,5.77231287783293,3.83333333333333,35,35,28,9.2251507780567,7.64635622075325,1223.58975998429,10.5746734583437,0
324,80.749237,81.739237,100,5.17557636082379,5.4624316724181,3.98614174281008,4.93246306820354,5.42172025330065,3.26747052570694,32,35,16,8.51551973964758,7.25865657860809,1091.10078854036,10.5746734583437,0
325,80.999237,81.989237,100,5.74495824945717,5.44035866941195,4.1884336345174,5.66042436928575,5.34453369378849,3.76344726992891,47,34,33,8.95237533007908,7.57674533598019,1178.89599182692,10.5746734583437,0
326,81.249237,82.239237,100,4.79560663839234,5.08025398938451,4.21351520445308,4.76307344966133,5.06407429693211,3.99186040524334,36,32,33,8.15846394886974,6.95330252398594,1124.25100765274,10.5746734583437,0
327,81.499237,82.489237,100,5.13782024096166,4.14410044737237,5.00728298421373,5.07211628774062,4.02681667390664,4.96008308825812,36,19,36,8.28514624073369,7.09939944262059,1212.14367521173,10.5746734583437,0
328,81.749237,82.739237,100,5.3147496623414,4.46209501332822,5.75883096949785,5.16807409960325,4.43242187030563,5.74160784154235,38,27,48,9.01781514650717,7.53550987982593,1323.78985628499,10.5746734583437,0
329,81.999237,82.989236,100,5.33541163923442,4.30692905916128,5.57353936101539,4.99392560309952,4.31360310148856,5.53351587869756,38,27,44,8.83632255463288,7.32508712232153,1300.50412554767,10.5746734583437,0
330,82.249237,83.239237,100,5.41047991628575,5.37643292345159,5.53551641159661,5.03501878262774,5.3863276220933,5.43630705014299,38,40,44,9.42450348018192,7.77392973095644,1386.22126718737,10.5746734583437,0
331,82.499237,83.489237,100,5.1242511456439,5.55235568051947,4.75419348471809,4.76943128134526,5.55868598672293,4.54840409352333,34,40,40,8.92686726107012,7.26558450748255,1305.0008498695,10.5746734583437,0
332,82.749237,83.739237,100,4.8801514045735,5.40656507362015,4.15275515489283,4.7730197120604,5.34032685414394,3.8653602808807,34,40,24,8.38404431067363,7.06094632308928,1217.67513443117,10.5746734583437,0
333,82.999237,83.989237,100,4.19179764131564,5.45209779073282,4.07712843932548,4.1645449143255,5.31439820514311,3.63788983124042,25,40,24,7.99496804847959,6.88132414953199,1129.76269179435,10.5746734583437,0
334,83.249237,84.239237,100,4.31700404601594,4.6805974984329,4.25275117545566,4.24483048643711,4.49241785476576,3.81558473483251,27,29,24,7.65704965610083,6.81406942222908,1008.14881012801,10.5746734583437,0
335,83.499237,84.489237,100,4.44565469863874,4.48916260159854,6.6320208359253,4.40168700441643,4.13385871538783,6.22666147556723,27,26,63,9.1597012468348,7.54130118128796,1210.0994715763,10.5746734583437,0
336,83.749237,84.739237,100,4.50435665333768,4.44221095712277,6.44233656122896,4.32725681178637,4.19927843729603,6.02214767556082,27,26,63,9.02918420546377,7.41594423795611,1190.53243456348,10.5746734583437,0
337,83.999236,84.989237,100,4.37461734423886,4.37880069329174,6.4527170679235,3.97785536857907,4.22702942712465,6.14027110907403,30,28,63,8.94140536933423,7.31974497526254,1191.9332839633,10.5746734583437,0
338,84.249237,85.239237,100,4.62103225765508,4.08360920594444,6.96336090281424,4.2717772423291,3.98951909711717,6.79259103209467,30,23,67,9.3015159160217,7.49069837614083,1267.26381585529,10.5746734583437,0
339,84.499237,85.489237,100,4.78866379405983,4.28835184862883,5.2076625995607,4.30878829436497,4.1580395535989,4.97208368409223,28,22,43,8.27290833147819,7.18108695670195,1099.90868463774,10.5746734583437,0
340,84.749237,85.739237,100,5.5857558197134,4.72618751897607,5.1372373777795,5.01347678711585,4.67643998241086,4.89076639797854,35,36,43,8.94028659594547,7.52557154211726,1186.37058062896,10.5746734583437,0
341,84.999237,85.989237,100,5.40739942014503,5.05245870393966,5.4821924843577,4.98947376832953,4.96305542905972,5.16963746457636,35,36,43,9.20987197954176,7.88527537643488,1194.17826103136,10.5746734583437,0
342,85.249237,86.239237,100,5.15201963032086,4.93161052785589,5.60038578927988,4.68528752499985,4.86972714063554,4.88245674209038,35,36,33,9.06798818142363,7.78284507289812,1176.92411232521,10.5746734583437,0
343,85.499237,86.489237,100,5.29061445808161,4.51501646247094,5.27101479142084,5.01322493435356,4.47993280974146,4.76836163973253,41,36,32,8.72694516608321,7.45220305760226,1122.45219543964,10.5746734583437,0
344,85.749237,86.739237,100,4.54744348036866,4.51824665501595,6.07806489550634,4.32381238438413,4.44408584411901,5.83264931054474,25,29,40,8.83383653441112,7.55690685593212,1191.97677322761,10.5746734583437,0
345,85.999237,86.989237,100,4.50709578697067,5.28872595605963,6.16117359446832,4.26680870975681,5.31040526140934,5.91074180512638,25,47,40,9.28679679611874,7.83114034565311,1222.14135738397,10.5746734583437,0
346,86.249237,87.239237,100,5.01450079101833,5.44605096259186,5.79110843777342,4.89249063836249,5.40014964252067,5.57710869664035,36,47,40,9.39902261984307,8.00123384584411,1255.08831973632,10.5746734583437,0
347,86.499237,87.489237,100,4.59759680886795,6.01128415176107,6.37861427384509,4.42216638714053,5.98802677402704,5.90787011476465,32,47,44,9.89748218612324,8.45664396750282,1309.90506363614,10.5746734583437,0
348,86.749237,87.739237,100,4.74810965416828,6.30707069540349,6.44337829027374,4.63408539786952,6.19445010644303,5.29008029191896,36,45,36,10.190231098282,8.76427984129925,1312.52467321264,10.5746734583437,0
349,86.999237,87.989237,100,4.65380164205058,5.43882117054047,6.36735946849611,4.56048021572069,5.02594279813261,4.97383050565556,36,42,35,9.58028768094775,8.20914658675804,1194.17772148873,10.5746734583437,0
350,87.249237,88.239237,100,4.20752019497606,5.39545542303422,5.98852562045836,4.02396859236292,4.94301874803589,4.92205918967525,25,42,36,9.09266762396862,7.77918855216231,1134.35829081977,10.5746734583437,0
351,87.499237,88.489237,100,4.05929423958805,5.05712825249894,5.33387822552259,3.94533351767079,4.6010978048832,4.47524052736585,25,31,36,8.39658697391266,7.25627867067408,1052.51207208312,10.5746734583437,0
352,87.749237,88.739237,100,4.32918626389957,3.98827673321383,5.37123388877582,4.26562487281237,3.5725666296421,4.56530614548687,32,20,33,7.96858572747796,6.75405612305003,1033.67677607856,10.5746734583437,0
353,87.999237,88.989237,100,4.59439904433975,4.97661347012454,7.33382881216618,4.57061320289795,4.81171760004951,6.59429658680495,37,39,57,9.98299700770334,7.71577399641387,1320.39569142658,10.5746734583437,0
354,88.249237,89.239237,100,4.54962731884132,5.40307673345304,7.51453735143103,4.57246921777225,5.21435470115861,6.66912076042799,40,43,57,10.3131284552255,7.9484104958553,1384.14284389856,10.5746734583437,0
355,88.499237,89.489237,100,4.61307719683315,6.04801455819651,8.37154402826603,4.61766480841001,5.64680118619061,7.56874887917148,40,49,62,11.3111321598369,8.73846240571074,1549.67917097341,10.5746734583437,1
356,88.749237,89.739237,100,4.87563743123468,6.43969160058446,7.91071548094945,4.84894031951541,6.08691260414548,7.20882595969494,35,49,62,11.3057900074266,8.89021898765482,1533.62460332945,10.5746734583437,1
