hypothesis_id,perm_index,sign_index,phys_x_source,phys_y_source,phys_z_source,sign_x,sign_y,sign_z,mapping_label,sign_label,overall_mean_abs_gnorm_err,overall_max_abs_gnorm_err,total_seq_jumps,pose_axis_match_count,pose_sign_match_count,exact_pose_match_count,pair_axis_match_count,pair_sign_opposition_count,average_expected_axis_strength,average_cross_axis_abs,average_pair_dominance_ratio,worst_pair_dominance_ratio,raw_pair_sign_ok_count,average_raw_pair_dominance_ratio,invalid_sensitivity_count,base_score,permutation_family_rank_metric,score_global
39,5,7,x,z,y,-1,1,1,"phys_x<=mv_x,phys_y<=mv_z,phys_z<=mv_y","[-1,+1,+1]",10.540956123965,29.7290901247985,0,3,6,3,1,3,0.999999999999997,5.82200355206925,2.11967823701179,0.286038143182417,3,1.04217328653073,0,50.1692742098956,0.8,57.1692742098956
47,6,7,x,y,z,-1,1,1,"phys_x<=mv_x,phys_y<=mv_y,phys_z<=mv_z","[-1,+1,+1]",10.5405184712107,29.7288830743171,0,3,6,3,1,3,0.999999999999997,5.8201542763316,2.10555402081121,0.286038143182417,3,1.04460640010111,0,50.0692066370556,0.7,55.8692066370556
35,5,3,x,z,y,-1,1,-1,"phys_x<=mv_x,phys_y<=mv_z,phys_z<=mv_y","[-1,+1,-1]",10.540956123965,29.7290901247985,0,3,6,3,1,3,0.999999999999997,5.82200355206925,2.11967823701179,0.286038143182417,2,1.04217328653073,0,48.5026075432289,0.8,55.5026075432289
37,5,5,x,z,y,-1,-1,1,"phys_x<=mv_x,phys_y<=mv_z,phys_z<=mv_y","[-1,-1,+1]",10.540956123965,29.7290901247985,0,3,6,3,1,3,0.999999999999997,5.82200355206925,2.11967823701179,0.286038143182417,2,1.04217328653073,0,48.5026075432289,0.8,55.5026075432289
40,5,8,x,z,y,1,1,1,"phys_x<=mv_x,phys_y<=mv_z,phys_z<=mv_y","[+1,+1,+1]",10.540956123965,29.7290901247985,0,3,6,3,1,3,0.999999999999997,5.82200355206925,2.11967823701179,0.286038143182417,2,1.04217328653073,0,48.5026075432289,0.8,55.5026075432289
43,6,3,x,y,z,-1,1,-1,"phys_x<=mv_x,phys_y<=mv_y,phys_z<=mv_z","[-1,+1,-1]",10.5405184712107,29.7288830743171,0,3,6,3,1,3,0.999999999999997,5.8201542763316,2.10555402081121,0.286038143182417,2,1.04460640010111,0,48.4025399703889,0.7,54.2025399703889
45,6,5,x,y,z,-1,-1,1,"phys_x<=mv_x,phys_y<=mv_y,phys_z<=mv_z","[-1,-1,+1]",10.5405184712107,29.7288830743171,0,3,6,3,1,3,0.999999999999997,5.8201542763316,2.10555402081121,0.286038143182417,2,1.04460640010111,0,48.4025399703889,0.7,54.2025399703889
48,6,8,x,y,z,1,1,1,"phys_x<=mv_x,phys_y<=mv_y,phys_z<=mv_z","[+1,+1,+1]",10.5405184712107,29.7288830743171,0,3,6,3,1,3,0.999999999999997,5.8201542763316,2.10555402081121,0.286038143182417,2,1.04460640010111,0,48.4025399703889,0.7,54.2025399703889
33,5,1,x,z,y,-1,-1,-1,"phys_x<=mv_x,phys_y<=mv_z,phys_z<=mv_y","[-1,-1,-1]",10.540956123965,29.7290901247985,0,3,6,3,1,3,0.999999999999997,5.82200355206925,2.11967823701179,0.286038143182417,1,1.04217328653073,0,46.8359408765623,0.8,53.8359408765623
36,5,4,x,z,y,1,1,-1,"phys_x<=mv_x,phys_y<=mv_z,phys_z<=mv_y","[+1,+1,-1]",10.540956123965,29.7290901247985,0,3,6,3,1,3,0.999999999999997,5.82200355206925,2.11967823701179,0.286038143182417,1,1.04217328653073,0,46.8359408765623,0.8,53.8359408765623
38,5,6,x,z,y,1,-1,1,"phys_x<=mv_x,phys_y<=mv_z,phys_z<=mv_y","[+1,-1,+1]",10.540956123965,29.7290901247985,0,3,6,3,1,3,0.999999999999997,5.82200355206925,2.11967823701179,0.286038143182417,1,1.04217328653073,0,46.8359408765623,0.8,53.8359408765623
41,6,1,x,y,z,-1,-1,-1,"phys_x<=mv_x,phys_y<=mv_y,phys_z<=mv_z","[-1,-1,-1]",10.5405184712107,29.7288830743171,0,3,6,3,1,3,0.999999999999997,5.8201542763316,2.10555402081121,0.286038143182417,1,1.04460640010111,0,46.7358733037222,0.7,52.5358733037222
44,6,4,x,y,z,1,1,-1,"phys_x<=mv_x,phys_y<=mv_y,phys_z<=mv_z","[+1,+1,-1]",10.5405184712107,29.7288830743171,0,3,6,3,1,3,0.999999999999997,5.8201542763316,2.10555402081121,0.286038143182417,1,1.04460640010111,0,46.7358733037222,0.7,52.5358733037222
46,6,6,x,y,z,1,-1,1,"phys_x<=mv_x,phys_y<=mv_y,phys_z<=mv_z","[+1,-1,+1]",10.5405184712107,29.7288830743171,0,3,6,3,1,3,0.999999999999997,5.8201542763316,2.10555402081121,0.286038143182417,1,1.04460640010111,0,46.7358733037222,0.7,52.5358733037222
34,5,2,x,z,y,1,-1,-1,"phys_x<=mv_x,phys_y<=mv_z,phys_z<=mv_y","[+1,-1,-1]",10.540956123965,29.7290901247985,0,3,6,3,1,3,0.999999999999997,5.82200355206925,2.11967823701179,0.286038143182417,0,1.04217328653073,0,45.1692742098956,0.8,52.1692742098956
42,6,2,x,y,z,1,-1,-1,"phys_x<=mv_x,phys_y<=mv_y,phys_z<=mv_z","[+1,-1,-1]",10.5405184712107,29.7288830743171,0,3,6,3,1,3,0.999999999999997,5.8201542763316,2.10555402081121,0.286038143182417,0,1.04460640010111,0,45.0692066370556,0.7,50.8692066370556
23,3,7,y,z,x,-1,1,1,"phys_x<=mv_y,phys_y<=mv_z,phys_z<=mv_x","[-1,+1,+1]",5.07418743120868,10.7473721271473,0,1,6,1,1,3,1,3.74416999742438,1.28683907327942,0.180199682106275,3,0.864748814038668,0,39.6108723953549,0.6,44.2108723953549
7,1,7,z,y,x,-1,1,1,"phys_x<=mv_z,phys_y<=mv_y,phys_z<=mv_x","[-1,+1,+1]",5.10247049333132,10.7840388316563,0,1,6,1,1,3,1,3.76096643732734,1.28568062202704,0.17815212197661,3,0.862429504166385,0,39.590486779579,0.5,42.990486779579
19,3,3,y,z,x,-1,1,-1,"phys_x<=mv_y,phys_y<=mv_z,phys_z<=mv_x","[-1,+1,-1]",5.07418743120868,10.7473721271473,0,1,6,1,1,3,1,3.74416999742438,1.28683907327942,0.180199682106275,2,0.864748814038668,0,37.9442057286882,0.6,42.5442057286882
21,3,5,y,z,x,-1,-1,1,"phys_x<=mv_y,phys_y<=mv_z,phys_z<=mv_x","[-1,-1,+1]",5.07418743120868,10.7473721271473,0,1,6,1,1,3,1,3.74416999742438,1.28683907327942,0.180199682106275,2,0.864748814038668,0,37.9442057286882,0.6,42.5442057286882
24,3,8,y,z,x,1,1,1,"phys_x<=mv_y,phys_y<=mv_z,phys_z<=mv_x","[+1,+1,+1]",5.07418743120868,10.7473721271473,0,1,6,1,1,3,1,3.74416999742438,1.28683907327942,0.180199682106275,2,0.864748814038668,0,37.9442057286882,0.6,42.5442057286882
3,1,3,z,y,x,-1,1,-1,"phys_x<=mv_z,phys_y<=mv_y,phys_z<=mv_x","[-1,+1,-1]",5.10247049333132,10.7840388316563,0,1,6,1,1,3,1,3.76096643732734,1.28568062202704,0.17815212197661,2,0.862429504166385,0,37.9238201129124,0.5,41.3238201129124
5,1,5,z,y,x,-1,-1,1,"phys_x<=mv_z,phys_y<=mv_y,phys_z<=mv_x","[-1,-1,+1]",5.10247049333132,10.7840388316563,0,1,6,1,1,3,1,3.76096643732734,1.28568062202704,0.17815212197661,2,0.862429504166385,0,37.9238201129124,0.5,41.3238201129124
8,1,8,z,y,x,1,1,1,"phys_x<=mv_z,phys_y<=mv_y,phys_z<=mv_x","[+1,+1,+1]",5.10247049333132,10.7840388316563,0,1,6,1,1,3,1,3.76096643732734,1.28568062202704,0.17815212197661,2,0.862429504166385,0,37.9238201129124,0.5,41.3238201129124
17,3,1,y,z,x,-1,-1,-1,"phys_x<=mv_y,phys_y<=mv_z,phys_z<=mv_x","[-1,-1,-1]",5.07418743120868,10.7473721271473,0,1,6,1,1,3,1,3.74416999742438,1.28683907327942,0.180199682106275,1,0.864748814038668,0,36.2775390620216,0.6,40.8775390620216
20,3,4,y,z,x,1,1,-1,"phys_x<=mv_y,phys_y<=mv_z,phys_z<=mv_x","[+1,+1,-1]",5.07418743120868,10.7473721271473,0,1,6,1,1,3,1,3.74416999742438,1.28683907327942,0.180199682106275,1,0.864748814038668,0,36.2775390620216,0.6,40.8775390620216
22,3,6,y,z,x,1,-1,1,"phys_x<=mv_y,phys_y<=mv_z,phys_z<=mv_x","[+1,-1,+1]",5.07418743120868,10.7473721271473,0,1,6,1,1,3,1,3.74416999742438,1.28683907327942,0.180199682106275,1,0.864748814038668,0,36.2775390620216,0.6,40.8775390620216
1,1,1,z,y,x,-1,-1,-1,"phys_x<=mv_z,phys_y<=mv_y,phys_z<=mv_x","[-1,-1,-1]",5.10247049333132,10.7840388316563,0,1,6,1,1,3,1,3.76096643732734,1.28568062202704,0.17815212197661,1,0.862429504166385,0,36.2571534462457,0.5,39.6571534462457
4,1,4,z,y,x,1,1,-1,"phys_x<=mv_z,phys_y<=mv_y,phys_z<=mv_x","[+1,+1,-1]",5.10247049333132,10.7840388316563,0,1,6,1,1,3,1,3.76096643732734,1.28568062202704,0.17815212197661,1,0.862429504166385,0,36.2571534462457,0.5,39.6571534462457
6,1,6,z,y,x,1,-1,1,"phys_x<=mv_z,phys_y<=mv_y,phys_z<=mv_x","[+1,-1,+1]",5.10247049333132,10.7840388316563,0,1,6,1,1,3,1,3.76096643732734,1.28568062202704,0.17815212197661,1,0.862429504166385,0,36.2571534462457,0.5,39.6571534462457
18,3,2,y,z,x,1,-1,-1,"phys_x<=mv_y,phys_y<=mv_z,phys_z<=mv_x","[+1,-1,-1]",5.07418743120868,10.7473721271473,0,1,6,1,1,3,1,3.74416999742438,1.28683907327942,0.180199682106275,0,0.864748814038668,0,34.6108723953549,0.6,39.2108723953549
2,1,2,z,y,x,1,-1,-1,"phys_x<=mv_z,phys_y<=mv_y,phys_z<=mv_x","[+1,-1,-1]",5.10247049333132,10.7840388316563,0,1,6,1,1,3,1,3.76096643732734,1.28568062202704,0.17815212197661,0,0.862429504166385,0,34.590486779579,0.5,37.990486779579
31,4,7,y,x,z,-1,1,1,"phys_x<=mv_y,phys_y<=mv_x,phys_z<=mv_z","[-1,+1,+1]",13.2923652241593,22.6606470678131,0,0,6,0,1,3,1,8.11491115064238,0.673271138338675,0.180199682106275,3,0.744431909963435,0,33.0959894653393,0.4,35.2959894653393
15,2,7,z,x,y,-1,1,1,"phys_x<=mv_z,phys_y<=mv_x,phys_z<=mv_y","[-1,+1,+1]",13.312734595944,22.698930518643,0,0,6,0,1,3,1,8.13355686628299,0.672112687086295,0.178152121976609,3,0.739679486520776,0,33.0935076837678,0.3,34.0935076837678
27,4,3,y,x,z,-1,1,-1,"phys_x<=mv_y,phys_y<=mv_x,phys_z<=mv_z","[-1,+1,-1]",13.2923652241593,22.6606470678131,0,0,6,0,1,3,1,8.11491115064238,0.673271138338675,0.180199682106275,2,0.744431909963435,0,31.4293227986727,0.4,33.6293227986727
29,4,5,y,x,z,-1,-1,1,"phys_x<=mv_y,phys_y<=mv_x,phys_z<=mv_z","[-1,-1,+1]",13.2923652241593,22.6606470678131,0,0,6,0,1,3,1,8.11491115064238,0.673271138338675,0.180199682106275,2,0.744431909963435,0,31.4293227986727,0.4,33.6293227986727
32,4,8,y,x,z,1,1,1,"phys_x<=mv_y,phys_y<=mv_x,phys_z<=mv_z","[+1,+1,+1]",13.2923652241593,22.6606470678131,0,0,6,0,1,3,1,8.11491115064238,0.673271138338675,0.180199682106275,2,0.744431909963435,0,31.4293227986727,0.4,33.6293227986727
11,2,3,z,x,y,-1,1,-1,"phys_x<=mv_z,phys_y<=mv_x,phys_z<=mv_y","[-1,+1,-1]",13.312734595944,22.698930518643,0,0,6,0,1,3,1,8.13355686628299,0.672112687086295,0.178152121976609,2,0.739679486520776,0,31.4268410171011,0.3,32.4268410171011
13,2,5,z,x,y,-1,-1,1,"phys_x<=mv_z,phys_y<=mv_x,phys_z<=mv_y","[-1,-1,+1]",13.312734595944,22.698930518643,0,0,6,0,1,3,1,8.13355686628299,0.672112687086295,0.178152121976609,2,0.739679486520776,0,31.4268410171011,0.3,32.4268410171011
16,2,8,z,x,y,1,1,1,"phys_x<=mv_z,phys_y<=mv_x,phys_z<=mv_y","[+1,+1,+1]",13.312734595944,22.698930518643,0,0,6,0,1,3,1,8.13355686628299,0.672112687086295,0.178152121976609,2,0.739679486520776,0,31.4268410171011,0.3,32.4268410171011
25,4,1,y,x,z,-1,-1,-1,"phys_x<=mv_y,phys_y<=mv_x,phys_z<=mv_z","[-1,-1,-1]",13.2923652241593,22.6606470678131,0,0,6,0,1,3,1,8.11491115064238,0.673271138338675,0.180199682106275,1,0.744431909963435,0,29.762656132006,0.4,31.962656132006
28,4,4,y,x,z,1,1,-1,"phys_x<=mv_y,phys_y<=mv_x,phys_z<=mv_z","[+1,+1,-1]",13.2923652241593,22.6606470678131,0,0,6,0,1,3,1,8.11491115064238,0.673271138338675,0.180199682106275,1,0.744431909963435,0,29.762656132006,0.4,31.962656132006
30,4,6,y,x,z,1,-1,1,"phys_x<=mv_y,phys_y<=mv_x,phys_z<=mv_z","[+1,-1,+1]",13.2923652241593,22.6606470678131,0,0,6,0,1,3,1,8.11491115064238,0.673271138338675,0.180199682106275,1,0.744431909963435,0,29.762656132006,0.4,31.962656132006
9,2,1,z,x,y,-1,-1,-1,"phys_x<=mv_z,phys_y<=mv_x,phys_z<=mv_y","[-1,-1,-1]",13.312734595944,22.698930518643,0,0,6,0,1,3,1,8.13355686628299,0.672112687086295,0.178152121976609,1,0.739679486520776,0,29.7601743504345,0.3,30.7601743504345
12,2,4,z,x,y,1,1,-1,"phys_x<=mv_z,phys_y<=mv_x,phys_z<=mv_y","[+1,+1,-1]",13.312734595944,22.698930518643,0,0,6,0,1,3,1,8.13355686628299,0.672112687086295,0.178152121976609,1,0.739679486520776,0,29.7601743504345,0.3,30.7601743504345
14,2,6,z,x,y,1,-1,1,"phys_x<=mv_z,phys_y<=mv_x,phys_z<=mv_y","[+1,-1,+1]",13.312734595944,22.698930518643,0,0,6,0,1,3,1,8.13355686628299,0.672112687086295,0.178152121976609,1,0.739679486520776,0,29.7601743504345,0.3,30.7601743504345
26,4,2,y,x,z,1,-1,-1,"phys_x<=mv_y,phys_y<=mv_x,phys_z<=mv_z","[+1,-1,-1]",13.2923652241593,22.6606470678131,0,0,6,0,1,3,1,8.11491115064238,0.673271138338675,0.180199682106275,0,0.744431909963435,0,28.0959894653393,0.4,30.2959894653393
10,2,2,z,x,y,1,-1,-1,"phys_x<=mv_z,phys_y<=mv_x,phys_z<=mv_y","[+1,-1,-1]",13.312734595944,22.698930518643,0,0,6,0,1,3,1,8.13355686628299,0.672112687086295,0.178152121976609,0,0.739679486520776,0,28.0935076837678,0.3,29.0935076837678
